create database LOD_1;
use LOD_1

create table categoria (
id_categoria int primary key not null,
nombre varchar (80) not null
)

create table set_(
codigo_set varchar (50) primary key,
nombre_set varchar (100) not null,
lote varchar (80) not null,
estado varchar (50) not null
)

create table producto (
codigo_producto varchar (50) primary key not null,
nombre_producto varchar (100) not null,
lote_producto varchar (50) not null,
cantidad int not null,
id_categoria int not null,
foreign key (id_categoria) references categoria(id_categoria)

)

create table plantilla (
codigo_set varchar(50) not null,
codigo_producto varchar (50) not null,
nombre varchar (100) not null,
lote varchar (50) not null,
existencia int not null,
plantilla int not null,
faltante int not null,
foreign key (codigo_set) references set_(codigo_set),
foreign key (codigo_producto) references producto(codigo_producto)
)

create table usuario (
id_usuario int primary key not null,
nombre varchar (80) not null,
apellido varchar (80) not null,
@clave nvarchar(80)

AS
 BEGIN
    INSERT INTO dbo.usuario
            (nombre,clave,apellido)
    VALUES  (@nombre
             , ENCRYPTBYPASSPHRASE('clave123', @clave)  
             ,@nombre  
             )
cargo varchar (80) not null,
area varchar (80) not null,
clave varchar (80) not null,
claveEncriptada varbinary (255) not null

)


create PROCEDURE RegistrarUsuarioPrueba
@nombre  nvarchar(80),
@apellido varchar(80),
 end
GO


INSERT INTO usuario (id_usuario,nombre,apellido, cargo,area,clave,claveEncriptada)
VALUES ( 10001, 'Pamela','Garcia','Asesora comercia','Comercial','Pgarcia1994'
    ,ENCRYPTBYPASSPHRASE('159634', 'Pgarcia456')
   
   
)



INSERT INTO usuario (id_usuario,nombre,apellido, cargo,area,clave,claveEncriptada)
VALUES ( 10002, 'Cindy','Urbina','Asesora comercia','Comercial','Curbina6983',ENCRYPTBYPASSPHRASE('Curbina#', 'Curbina6983')),
( 10003, 'Angela','Moya','Asesora comercia','Comercial','Amoya593',ENCRYPTBYPASSPHRASE('Amoya593#', 'Amoya593')),
(10004,'Alba','Valbuena','Auxiliar de Bodega','Logistica','Alva#2023',ENCRYPTBYPASSPHRASE('Avalbuena14*', 'Alva#2023')),
(10005,'Andrea','Gutierrez','Auxiliar de Bodega','Logistica','AGut#2059',ENCRYPTBYPASSPHRASE('Andrea5963*#', 'AGut#2059')),
(10006,'Diego','Cardenas','Auxiliar de Bodega','Logistica','DiegoCardenas202223*',ENCRYPTBYPASSPHRASE('Diego202223*#', 'AGut#2059')),
(10007,'John','Ortiz','Auxiliar de Bodega','Logistica','Jortiz2024/*',ENCRYPTBYPASSPHRASE('OrtizJohn2023/*', 'Jortiz2024/*')),
(10008,'Ismael','Quemba','Auxiliar de Bodega','Logistica','Ismael6987/*',ENCRYPTBYPASSPHRASE('ismael**', 'Ismael6987/*'));

   
   




SELECT U.nombre,U.clave,
       CONVERT(VARCHAR(50),
          DECRYPTBYPASSPHRASE('OrtizJohn2023/*', U.claveEncriptada)) AS 'Clave desEncriptada'
  FROM usuario U


select * from  usuario 


SELECT id_usuario, nombre, CAST(DECRYPTBYPASSPHRASE('OrtizJohn2023/*', claveEncriptada) AS NVARCHAR(MAX)) AS ContraseñaDescifrada
FROM usuario;



create table paciente (
id_paciente bigint primary key not null,
nombre varchar (100) not null,
apellido varchar (100) not null
)

create table ubicacion (
id_ubicacion int primary key not null,
nombre_ubicacion varchar (100) not null
)

create table caso (
id_caso int  primary key not null,
fecha datetime not null,
codigo_set varchar (50) not null,
id_usuario int not null,
id_ubicacion int not null,
id_paciente bigint not null,
foreign key (id_usuario) references usuario(id_usuario),
foreign key (id_paciente) references paciente(id_paciente),
foreign key (codigo_set) references set_(codigo_set),
foreign key (id_ubicacion) references ubicacion (id_ubicacion)
)

INSERT INTO categoria(id_categoria, nombre)
VALUES
(420, 'Fijacion Interna'),
(425, 'Fijacion Externa'),
(430, 'Maxilo'),
(435, 'Columna'),
(440, 'Reemplazos'),
(455, 'Medicina deportiva'),
(465, 'Cadera');



INSERT INTO paciente (id_paciente,nombre, apellido)
VALUES
    (1,'Juan', 'Pérez'),
    (2,'María', 'García'),
    (3,'Carlos', 'López'),
    (4,'Ana', 'Rodríguez'),
    (5,'Luis', 'Martínez'),
    (6,'Laura', 'Hernández'),
    (7,'Pedro', 'González'),
    (8,'Lucía', 'Díaz'),
    (9,'Fernando', 'Sánchez'),
    (10,'Isabel', 'Torres'),
    (11,'Ricardo', 'Fernández'),
    (12,'Marta', 'Vargas'),
    (13,'Javier', 'Ramírez'),
    (14,'Elena', 'Morales'),
    (15,'Andrés', 'Ortega'),
    (16,'Sofía', 'Castro'),
    (17,'Alejandro', 'Ruiz'),
    (18,'Paula', 'Jiménez'),
    (19,'Mateo', 'Silva'),
    (20,'Valentina', 'Rojas'),
    (21,'Gabriel', 'Luna'),
    (22,'Camila', 'Mendoza'),
    (23,'Daniel', 'Paz'),
    (24,'Regina', 'Guerra'),
    (25,'Miguel', 'Cabrera'),
    (26,'Valeria', 'Soto'),
    (27,'Diego', 'Quintero'),
    (28,'Natalia', 'Salazar'),
    (29,'Emilio', 'Navarro'),
    (30,'Victoria', 'Uribe'),
    (31,'Sebastián', 'Duque'),
    (32,'Julieta', 'Castañeda'),
    (33,'Tomás', 'Bustamante'),
    (34,'Martina', 'Chacón'),
    (35,'Raúl', 'Montoya'),
    (36,'Catalina', 'Villa'),
    (37,'Pablo', 'Ríos'),
    (38,'Renata', 'Molina'),
    (39,'Alejandro', 'Gómez'),
    (40,'Diana', 'Arango'),
    (41,'Andrea', 'Zapata'),
    (42,'Lorenzo', 'Pacheco'),
    (43,'Isabella', 'Mejía'),
    (44,'Simón', 'Gallego'),
    (45,'Juana', 'Ochoa'),
    (46,'Felipe', 'Calderón'),
    (47,'Carolina', 'Álvarez'),
    (48,'Raúl', 'Giraldo');

SELECT * FROM paciente;


INSERT INTO caso (id_caso,fecha,codigo_set,id_usuario,id_ubicacion,id_paciente)
VALUES ( 100000,'2001-01-11 15:45:00',' 6110001 ' , 10001, 700,1 ),
( 100001,'2015-02-13 17:30:00',' 6110002 ' , 10001, 730,2),
( 100002,'2016-01-14 19:30:00',' 6110003 ' , 10001,731,3),
( 100003,'2017-01-15 16:30:00',' 6110004 ' , 10002,732,4),
( 100004,'2018-01-16 13:30:00',' 6110005 ' , 10002,733,5),
( 100005,'2019-01-17 05:30:00',' 6110006 ' , 10001,734,6 ),
( 100006,'2020-01-18 05:30:00',' 6110007 ' , 10003 ,736,7 ),
( 100007,'2021-01-18 19:30:00',' 6110008 ' , 10003,737,8 ),
( 100008,'2022-01-19 20:30:00',' 1010301 ' , 10003 ,705,9 ),
( 100009,'2023-09-11 21:30:00',' 2020301 ' , 10003, 705,10),
( 100010,'2023-09-13 22:30:00',' 3030301 ' , 10003 ,705,11),
( 100011,'2019-09-11 12:30:00',' 3030302 ' , 10003 ,705,12 ),
( 100012,'2021-09-18 13:30:00',' 3030303 ' , 10003,705,13 ),
( 100013,'2022-03-01 15:30:00',' 3030304 ' , 10004,705,14 ),
( 100014,'2023-09-02 14:30:00',' 3030305 ' , 10004 ,706,15 ),
( 100015,'2015-12-03 12:30:00',' 3030306 ' , 10004 ,706,16 ),
( 100016,'2023-09-04 16:30:00',' 3030401 ' , 10004,706,17 ),
( 100017,'2023-11-05 17:30:00',' 4040301 ' , 10004 ,706,18 ),
( 100018,'2023-09-06 18:30:00',' 4040302 ' , 10004 ,706,19 ),
( 100019,'2023-12-07 19:30:00', ' 5050301 ' , 10004,706,20),
( 100020,'2023-09-08 20:30:00',' 5050302 ' , 10004,706,21 ),
( 100021,'2023-01-09 09:30:00',' 5050401 ' , 10004 ,706,22),
( 100022,'2023-02-10 08:30:00',' 6060301 ' , 10004 ,706,23),
( 100023,'2023-03-11 07:30:00',' 6060302 ' , 10004,706,24 ),
( 100024,'2023-04-12 06:30:00',' 7070301 ' , 10004 ,706,25),
( 100025,'2023-05-14 05:30:00',' 7070302 ' , 10005 ,706,26),
( 100026,'2023-06-15 06:30:00',' 7070303 ' , 10005 ,706,27),
( 100027,'2023-07-16 12:30:00',' 7070304 ' , 10005,709,28),
( 100028,'2023-08-15 13:30:00',' 7070401 ' , 10005 ,709,29),
( 100029,'2023-09-16 14:30:00',' 7070501 ' , 10005 ,709,30),
( 100030,'2023-10-17 15:30:00',' 7070601 ' , 10005,709,31),
( 100031,'2023-11-18 16:30:00',' 8080301 ' , 10005 ,709,32),
( 100032,'2022-12-19 17:30:00',' 8080302 ' , 10005,709,33),
( 100033,'2021-12-20 18:30:00',' 8080303 ' , 10005 ,709,34),
( 100034,'2022-01-21 19:30:00',' 8080401 ' , 10005 , 709,35),
( 100035,'2021-02-22 20:30:00',' 8080402 ' , 10005 ,709,36),
( 100036,'2022-03-23 10:30:00',' 8080403 ' , 10006,709,37 ),
( 100037,'2022-04-24 09:30:00',' 8080404 ' , 10006 ,709,38),
( 100038,'2021-05-25 11:30:00',' 9090301 ' , 10006,709,39),
( 100039,'2011-06-26 12:30:00',' 9090302 ' , 10006 ,709,40),
( 100040,'2011-07-27 13:30:00',' 9090303 ' , 10006 ,709,41),
( 100041,'2023-08-28 14:30:00',' 9090304 ' , 10006 ,709,42),
( 100042,'2023-09-29 15:30:00',' 10100301 ' ,10006 ,711,43 ),
( 100043,'2022-10-30 16:30:00',' 10100302 ' , 10006 ,711,44),
( 100044,'2021-11-01 17:30:00',' 10100303 ' , 10006,711,45 ),
( 100045,'2021-12-02 18:30:00',' 10100304 ' , 10006 ,711,46),
( 100046,'2023-12-03 19:30:00',' 10100305 ' , 10006,711,47),
( 100047,'2023-04-04 20:30:00',' 11110301 ' , 10006 ,711,48),
( 100048,'2023-05-05 21:30:00',' 11110302 ' , 10007 ,711,2),
( 100049,'2001-01-06 22:30:00',' 12120301 ' , 10007 ,711,1),
( 100050,'2023-02-07 23:30:00',' 12120302 ' ,  10007,711,1),
( 100051,'2023-12-08 22:30:00',' 12120303 ' ,  10007,711,2),
( 100052,'2023-04-09 15:30:00',' 12120304 ' , 10007,711,3),
( 100053,'2023-05-10 21:30:00',' 13130301 ' , 10007 ,711,4),
( 100054,'2023-06-11 15:30:00',' 13130302 ' ,  10007,713,5),
( 100055,'2022-07-12 15:30:00',' 13130303 ' ,  10007,713,6),
( 100056,'2021-08-13 15:30:00',' 13130304 ' ,  10007,713,7),
( 100057,'2021-09-14 15:30:00',' 13130401 ' , 10007,713,8),
( 100058,'2021-10-15 15:30:00',' 13130402 ' , 10007,713,9),
( 100059,'2021-11-16 15:30:00',' 13130403 ' , 10007,713,10),
( 100060,'2023-12-17 15:30:00',' 13130501 ' ,  10007,713,11),
( 100061,'2022-12-18 15:30:00',' 13130502 ' ,  10007,714,12),
( 100062,'2021-04-19 15:30:00',' 13130601 ' ,  10007,714,13),
( 100063,'2023-05-20 15:30:00',' 13130602 ' ,  10007,714,14),
( 100064,'2023-06-21 15:30:00',' 13130603 ' , 10008,714,15),
( 100065,'2023-07-22 15:30:00',' 13130604 ' ,  10008,714,16),
( 100066,'2015-08-23 15:30:00',' 13130605 ' , 10008,714,17),
( 100067,'2016-09-24 15:30:00',' 13130606 ' , 10008 ,714,18),
( 100068,'2017-10-25 15:30:00',' 13130607 ' , 10008 ,714,19),
( 100069,'2018-12-26 15:30:00',' 14140301 ' ,  10008,714,20),
( 100070,'2019-12-27 15:30:00',' 14140302 ' ,  10008,715,21),
( 100071,'2020-01-29 15:30:00',' 14140303 ' ,  10008,715,22),
( 100072,'2020-01-29 15:30:00',' 14140304 ' , 10008 ,715,23),
( 100073,'2022-03-31 15:30:00',' 15150301 ' , 10008,715,24),
( 100074,'2023-04-01 15:30:00',' 15150302 ' , 10008 ,715,25),
( 100075,'2023-05-02 15:30:00',' 15150303 ' , 10008,715,26),
( 100076,'2015-06-03 15:30:00',' 16160301 ' ,  10008,715,27),
( 100077,'2016-07-04 15:30:00',' 16160302 ' ,  10008,715,28),
( 100078,'2017-08-05 15:30:00',' 16160303 ' ,  10008,715,29),
( 100079,'2018-09-06 15:30:00',' 16160304 ' ,  10008,715,30),
( 100080,'2019-10-07 15:30:00',' 17170301 ' ,  10008,715,31),
( 100081,'2020-12-08 15:30:00',' 17170302 ' , 10001 ,715,32),
( 100082,'2021-12-09 15:30:00',' 17170303 ' , 10001,715 ,33),
( 100083,'2022-01-10 15:30:00',' 18180301 ' , 10001,715 ,34),
( 100084,'2023-12-11 15:30:00',' 40708007 ' , 10001,715,35),
( 100085,'2014-01-12 15:30:00',' 40708008 ' , 10001 ,715,36),
( 100086,'2015-02-13 15:30:00',' 40708030 ' ,  10001,715,37),
( 100087,'2001-03-14 15:30:00',' 40708047 ' , 10002 ,715,38),
( 100088,'2016-04-15 15:30:00',' 40708059 ' ,  10002,715,39),
( 100090,'2017-05-16 15:30:00',' 40708063 ' , 10002 ,717,40 ),
( 100091,'2019-06-17 15:30:00',' 40708081 ' , 10002 ,717,41),
( 100092,'2020-07-18 15:30:00',' 40708082 ' ,  10002,717,42),
( 100093,'2022-08-19 15:30:00',' 40708085 ' ,  10002,717,43),
( 100094,'2023-09-20 15:30:00',' 40899026 ' , 10002 ,717,44),
( 100095,'2001-10-21 15:30:00',' 40286014 ' ,  10003,717,45),
( 100096,'2001-12-22 15:30:00',' 40286070 ' ,  10003,717,1),
( 100097,'2001-01-23 15:30:00',' 40286081 ' , 10003,717,2),
( 100098,'2001-02-24 15:30:00',' 40286087 ' , 10003,717,3),
( 100099,'2001-09-25 15:30:00',' 40286090 ' ,  10003,717,4),
( 100100,'2001-09-26 15:30:00',' 40286101 ' ,  10003,717,5),
( 100101,'2001-09-27 15:30:00',' 40286124 ' ,  10003,717,7),
( 100102,'2001-09-11 15:30:00',' 40286135 ' , 10003,717,8 ),
( 100103,'2001-09-11 15:30:00',' 40286144 ' , 10004 ,717,9),
( 100104,'2001-09-11 15:30:00',' 40286148 ' ,  10004,717,10),
( 100105,'2001-09-11 15:30:00',' 40286162 ' , 10004 ,717,11),
( 100106,'2001-09-11 15:30:00',' 40286165 ' ,  10004,717,12),
( 100107,'2001-09-11 15:30:00',' 40286169 ' ,  10004,717,13),
( 100108,'2001-09-11 15:30:00',' 40286175 ' ,  10004,717,14),
( 100109,'2001-09-11 15:30:00',' 40286176 ' ,  10004,717,15),
( 100110,'2001-09-11 15:30:00',' 40899299 ' ,  10004,717,16),
( 100111,'2001-09-11 15:30:00',' 40899309 ' ,  10004,717,17),
( 100112,'2001-09-11 15:30:00',' 40899389 ' ,  10004,717,18),
( 100113,'2001-09-11 15:30:00',' 40899212 ' , 10004 ,717,19),
( 100114,'2001-09-11 15:30:00',' 40899115 ' , 10004 ,717,20),
( 100115,'2001-09-11 15:30:00',' 40899143 ' , 10004,717,21 ),
( 100116,'2001-09-11 15:30:00',' 40909177 ' ,  10005,717,22),
( 100117,'2001-09-11 15:30:00',' 40909179 ' , 10005,720,23),
( 100118,'2001-09-11 15:30:00',' 40909202 ' ,  10005,722,24),
( 100119,'2001-09-11 15:30:00',' 40909203 ' ,  10005,724,25),
( 100120,'2001-09-11 15:30:00',' 40909211 ' , 10005,725,26 ),
( 100121,'2001-09-11 15:30:00',' 40909212 ' , 10005,726,27 ),
( 100122,'2001-09-11 15:30:00',' 40909213 ' ,  10005,727,28),
( 100123,'2001-09-11 15:30:00',' 40909101 ' ,  10005,728,29),
( 100124,'2013-09-11 15:30:00',' 40818079 ' ,  10005,729,30);





INSERT INTO set_(codigo_set,nombre_set,lote,estado)
VALUES
( ' 6110001 ' , ' CHALECO # 1 SIN MALETA  ' , ' NA ' , ' Completo ' ),
( ' 6110002 ' , ' Chaleco #02  CON MALETA ' , ' NA ' , ' Completo ' ),
( ' 6110003 ' , ' Chaleco #03 CON  MALETA ' , ' NA ' , ' Completo ' ),
( ' 6110004 ' , ' Chaleco #04 SIN MALETA ' , ' NA ' , ' Completo ' ),
( ' 6110005 ' , ' Chaleco #05 ' , ' NA ' , ' Completo ' ),
( ' 6110006 ' , ' Chaleco #06 ' , ' NA ' , ' Completo ' ),
( ' 6110007 ' , ' Chaleco #07 ' , ' NA ' , ' Completo ' ),
( ' 6110008 ' , ' Chaleco #08 ' , ' NA ' , ' Completo ' ),
( ' 1010301 ' , ' PlACAS ESPECIALES DE MANO ' , ' NA ' , ' Completo ' ),
( ' 2020301 ' , ' PLACAS DE CUBITO DISTAL ' , ' NA ' , ' Completo ' ),
( ' 3030301 ' , ' PLACAS 1/3 CANAL BLOQUEADO BAIDE SET #01 ' , ' NA ' , ' Completo ' ),
( ' 3030302 ' , ' PLACAS 1/3 CANAL BLOQUEADO BAIDE SET #02 ' , ' NA ' , ' Completo ' ),
( ' 3030303 ' , ' PLACAS 1/3 CANAL BLOQUEADO BAIDE SET #03 ' , ' NA ' , ' Completo ' ),
( ' 3030304 ' , ' PLACAS 1/3 CANAL BLOQUEADO BAIDE SET #04 ' , ' NA ' , ' Completo ' ),
( ' 3030305 ' , ' PLACAS 1/3 CANAL BLOQUEADO BAIDE SET #05 ' , ' NA ' , ' Completo ' ),
( ' 3030306 ' , ' PLACAS 1/3 CANAL BLOQUEADO BAIDE SET #06 ' , ' NA ' , ' Completo ' ),
( ' 3030401 ' , ' PLACAS 1/3 DE 3.5 KANGHUI SET #01 (Acero) ' , ' NA ' , ' Completo ' ),
( ' 4040301 ' , ' Set # 01 Placa de compresion y bloqueo radio distal volar ' , ' NA ' , ' Completo ' ),
( ' 4040302 ' , ' Set # 02 Placa de compresion y bloqueo radio distal volar ' , '  ' , ' Completo ' ),
( ' 5050301 ' , ' SET PLACAS RADIO DISTAL ÁNGULO FIJO # 01 ' , ' NA ' , ' Completo ' ),
( ' 5050302 ' , ' SET PLACAS RADIO DISTAL ÁNGULO FIJO # 02 ' , ' NA ' , ' Completo ' ),
( ' 5050401 ' , ' SET DE PLACAS DE RADIO DE 3.5 SET # 01 ' , ' NA ' , ' Completo ' ),
( ' 6060301 ' , ' Set # 01 PLACAS CUPULA RADIAL ' , ' NA ' , ' Completo ' ),
( ' 6060302 ' , ' Set # 02 PLACAS CUPULA RADIAL ' , ' NA ' , ' Completo ' ),
( ' 7070301 ' , ' SET DE PLACAS RECTAS DE 3.5 SET # 01 ' , ' NA ' , ' Completo ' ),
( ' 7070302 ' , ' SET DE PLACAS RECTAS DE 3.5 SET # 02 ' , ' NA ' , ' Completo ' ),
( ' 7070303 ' , ' SET DE PLACAS RECTAS DE 3.5 SET # 03 ' , ' NA ' , ' Completo ' ),
( ' 7070304 ' , ' SET DE PLACAS RECTAS DE 3.5 SET # 04 ' , ' NA ' , ' Completo ' ),
( ' 7070401 ' , ' SET DE PLACAS RECTAS Y RECONSTRUCCIÓN DE 3.5 SET # 01 KANGHUI  ' , ' NA ' , ' Completo ' ),
( ' 7070501 ' , ' SET DE PLACAS DE RECONSTRUCCIÓN # 1 ' , ' NA ' , ' Completo ' ),
( ' 7070601 ' , ' SET DE PLACAS EN T DE 3,5 MM # 1  ' , ' NA ' , ' Completo ' ),
( ' 8080301 ' , ' Placa de compresion y bloqueo anchas/estrechas de 4.5/5.0 com Set # 01 BAIDE ' , ' NA ' , ' Completo ' ),
( ' 8080302 ' , ' Placa de compresion y bloqueo anchas/estrechas de 4.5/5.0 com Set # 02 BAIDE ' , ' NA ' , ' Completo ' ),
( ' 8080303 ' , ' Placa de compresion y bloqueo anchas/estrechas de 4.5/5.0 com Set # 03 BAIDE ' , ' NA ' , ' Completo ' ),
( ' 8080401 ' , ' Placa de compresion y bloqueo anchas/estrechas de 4.5 Set # 01 KANGHUI ' , ' NA ' , ' Completo ' ),
( ' 8080402 ' , ' Placa de compresion y bloqueo anchas/estrechas de 4.5 Set # 02 KANGHUI ' , ' NA ' , ' Completo ' ),
( ' 8080403 ' , ' Placa de compresion y bloqueo anchas/estrechas de 4.5 Set # 03 KANGHUI ' , ' NA ' , ' Completo ' ),
( ' 8080404 ' , ' Placa de compresion y bloqueo anchas/estrechas de 4.5 Set # 04 KANGHUI ' , ' NA ' , ' Completo ' ),
( ' 9090301 ' , ' Placas tibia distal 3.5 SET #01 ' , ' NA ' , ' Completo ' ),
( ' 9090302 ' , ' Placas tibia distal 3.5 SET #02 ' , ' NA ' , ' Completo ' ),
( ' 9090303 ' , ' Placas tibia distal 3.5 SET #03 ' , ' NA ' , ' Completo ' ),
( ' 9090304 ' , ' Placas tibia distal 3.5 SET #04 ' , ' NA ' , ' Completo ' ),
( ' 10100301 ' , ' PLACA TIBIA PROXIMAL 3.5 SET # 01 ' , ' NA ' , ' Completo ' ),
( ' 10100302 ' , ' PLACA TIBIA PROXIMAL 3.5 SET # 02 ' , ' NA ' , ' Completo ' ),
( ' 10100303 ' , ' PLACA TIBIA PROXIMAL 3.5 SET # 03 ' , ' NA ' , ' Completo ' ),
( ' 10100304 ' , ' PLACA TIBIA PROXIMAL 3.5 SET # 04 ' , ' NA ' , ' Completo ' ),
( ' 10100305 ' , ' PLACA TIBIA PROXIMAL 3.5 SET # 05 ' , ' NA ' , ' Completo ' ),
( ' 11110301 ' , ' PLACA TIBIA PROXIMAL 4.5 SET #01 ' , ' NA ' , ' Completo ' ),
( ' 11110302 ' , ' PLACA TIBIA PROXIMAL 4.5 SET #02 ' , ' NA ' , ' Completo ' ),
( ' 12120301 ' , ' Placa de compresion y bloqueo de clavícula de 2.7/3.5 SET #01 KANGHUI ' , ' NA ' , ' Completo ' ),
( ' 12120302 ' , ' Placa de compresion y bloqueo de clavicula de 2.7/3.5 SET #02 KANGHUI ' , ' NA ' , ' Completo ' ),
( ' 12120303 ' , ' Placa de compresion y bloqueo de clavicula de 2.7/3.5 SET #03 KANGHUI ' , ' NA ' , ' Completo ' ),
( ' 12120304 ' , ' Placa de compresion y bloqueo de clavicula de 2.7/3.5 SET #04 KANGHUI ' , ' NA ' , ' Completo ' ),
( ' 13130301 ' , ' PLACAS HUMERO DISTAL SET # 01 ' , ' NA ' , ' Completo ' ),
( ' 13130302 ' , ' PLACAS HUMERO DISTAL SET # 02 ' , ' NA ' , ' Completo ' ),
( ' 13130303 ' , ' PLACAS HUMERO DISTAL SET # 03 ' , ' NA ' , ' Completo ' ),
( ' 13130304 ' , ' PLACAS HUMERO DISTAL SET # 04 ' , ' NA ' , ' Completo ' ),
( ' 13130401 ' , ' PLACAS HUMERO DISTAL EXTRAARTICULAR SET # 01 ' , ' NA ' , ' Completo ' ),
( ' 13130402 ' , ' PLACAS HUMERO DISTAL EXTRAARTICULAR SET # 02 ' , ' NA ' , ' Completo ' ),
( ' 13130403 ' , ' PLACAS HUMERO DISTAL EXTRAARTICULAR SET # 03 ' , ' NA ' , ' Completo ' ),
( ' 13130501 ' , ' PLACAS HUMERO PROXIMAL BAIDE SET #01 ' , ' NA ' , ' Completo ' ),
( ' 13130502 ' , ' PLACAS HUMERO PROXIMAL BAIDE SET #02 ' , ' NA ' , ' Completo ' ),
( ' 13130601 ' , ' PLACAS HUMERO PROXIMAL KANGHUI SET #01 ' , ' NA ' , ' Completo ' ),
( ' 13130602 ' , ' PLACAS HUMERO PROXIMAL KANGHUI SET #02 ' , ' NA ' , ' Completo ' ),
( ' 13130603 ' , ' PLACAS HUMERO PROXIMAL KANGHUI SET #03 ' , ' NA ' , ' Completo ' ),
( ' 13130604 ' , ' PLACAS HUMERO PROXIMAL KANGHUI SET #04 ' , ' NA ' , ' Completo ' ),
( ' 13130605 ' , ' PLACAS HUMERO PROXIMAL KANGHUI SET #05 ' , ' NA ' , ' Completo ' ),
( ' 13130606 ' , ' PLACAS HUMERO PROXIMAL KANGHUI SET #06 ' , ' NA ' , ' Completo ' ),
( ' 13130607 ' , ' PLACAS HUMERO PROXIMAL KANGHUI SET #07 ' , ' NA ' , ' Completo ' ),
( ' 14140301 ' , ' PLACAS FEMUR PROXIMAL SET #01 ' , ' NA ' , ' Completo ' ),
( ' 14140302 ' , ' PLACAS FEMUR PROXIMAL SET #02 ' , ' NA ' , ' Completo ' ),
( ' 14140303 ' , ' PLACAS FEMUR PROXIMAL SET #03 ' , ' NA ' , ' Completo ' ),
( ' 14140304 ' , ' PLACAS FEMUR PROXIMAL SET #04 ' , ' NA ' , ' Completo ' ),
( ' 15150301 ' , ' Placas Olecranon SET #01 ' , ' NA ' , ' Completo ' ),
( ' 15150302 ' , ' Placas Olecranon SET #02 ' , ' NA ' , ' Completo ' ),
( ' 15150303 ' , ' Placas Olecranon SET #03 ' , '  ' , ' Completo ' ),
( ' 16160301 ' , ' Placas Perone SET #01 ' , ' NA ' , ' Completo ' ),
( ' 16160302 ' , ' Placas Perone SET #02 ' , ' NA ' , ' Completo ' ),
( ' 16160303 ' , ' Placas Perone SET #03 ' , ' NA ' , ' Completo ' ),
( ' 16160304 ' , ' Placas Perone SET #04 ' , ' NA ' , ' Completo ' ),
( ' 17170301 ' , ' PLACAS FEMUR DISTAL SET #01 ' , ' NA ' , ' Completo ' ),
( ' 17170302 ' , ' PLACAS FEMUR DISTAL SET #02 ' , ' NA ' , ' Completo ' ),
( ' 17170303 ' , ' PLACAS FEMUR DISTAL SET #03 ' , ' NA ' , ' Completo ' ),
( ' 18180301 ' , ' PLACAS DE CALCANEO SET #01 ' , ' NA ' , ' Completo ' ),
( ' 40708007 ' , ' Set basico de 1.5/2.0 mm No 07 ' , ' S70800 ' , ' Completo ' ),
( ' 40708008 ' , ' Set basico de 1.5/2.0 mm No 08 ' , '  ' , ' Completo ' ),
( ' 40708030 ' , ' Set basico de 1.5/2.0 mm No 30 ' , ' S70803 ' , ' Completo ' ),
( ' 40708047 ' , ' Set basico de 1.5/2.0 mm No 47 ' , '  ' , ' Completo ' ),
( ' 40708059 ' , ' Set basico de 1.5/2.0 mm No 59 ' , '  ' , ' Completo ' ),
( ' 40708063 ' , ' Set basico de 1.5/2.0 mm No 63 ' , ' 40708 ' , ' Completo ' ),
( ' 40708081 ' , ' Set basico de 1.5/2.0 mm No 81 ' , ' 210193311 ' , ' Completo ' ),
( ' 40708082 ' , ' Set basico de 1.5/2.0 mm No 82 ' , ' 0010840655 ' , ' Completo ' ),
( ' 40708085 ' , ' Set basico de 1.5/2.0 mm No 85 ' , ' 0010840655 ' , ' Completo ' ),
( ' 40899026 ' , ' Set Basico de 2.4/2.7 No 15 ' , ' S89902 ' , ' Completo ' ),
( ' 40286014 ' , ' Set Basico de 2.4/2.7 No 45 ' , ' S28601 ' , ' Completo ' ),
( ' 40286070 ' , ' Set basico de 2.4/2.7 No 70 ' , ' S28607 ' , ' Completo ' ),
( ' 40286081 ' , ' Set basico de 2.4/2.7 No 81 ' , '  ' , ' Completo ' ),
( ' 40286087 ' , ' Set basico de 2.4/2.7 No 87 ' , '  ' , ' Completo ' ),
( ' 40286090 ' , ' Set basico de 2.4/2.7 No 90 ' , ' S28609 ' , ' Completo ' ),
( ' 40286101 ' , ' Set basico de 2.4/2.7 No 101  ' , ' S28610 ' , ' Completo ' ),
( ' 40286124 ' , ' Set basico de 2.4/2.7 No 124 ' , ' S28612 ' , ' Completo ' ),
( ' 40286135 ' , ' Set basico de 2.4/2.7 No 134 ' , ' 180123618 ' , ' Completo ' ),
( ' 40286144 ' , ' Set basico de 2.4/2.7 No 142 ' , ' 190131452 ' , ' Completo ' ),
( ' 40286148 ' , ' Set basico de 2.4/2.7 No 146 ' , '  ' , ' Completo ' ),
( ' 40286162 ' , ' Set basico de 2.4/2.7 No 162 ' , ' 200172865 ' , ' Completo ' ),
( ' 40286165 ' , ' Set basico de 2.4/2.7 No 165 ' , '  ' , ' Completo ' ),
( ' 40286169 ' , ' Set basico de 2.4/2.7 No 166 ' , ' 200173855 ' , ' Completo ' ),
( ' 40286175 ' , ' Set Basico de 2.4/2.7 No 172 ' , ' 210189037 ' , ' Completo ' ),
( ' 40286176 ' , ' Set Basico de 2.4/2.7 No 173 ' , '  ' , ' Completo ' ),
( ' 40899299 ' , ' Set basico de 3.5 mm No 64 ' , ' S89929 ' , ' Completo ' ),
( ' 40899309 ' , ' Set basico de 3.5 mm No 70 ' , ' S89930 ' , ' Completo ' ),
( ' 40899389 ' , ' Set basico de 3.5 mm No 89 ' , ' S89930 ' , ' Completo ' ),
( ' 40899212 ' , ' Set basico de 3.5 mm No 111 ' , ' S89921 ' , ' Completo ' ),
( ' 40899115 ' , ' Set basico de 3.5 mm No 115 ' , ' S89911 ' , ' Completo ' ),
( ' 40899143 ' , ' Set basico de 3.5 mm No 143 ' , ' S89911 ' , ' Completo ' ),
( ' 40909177 ' , ' Set basico de 3.5 mm No 177 ' , ' 190160177 ' , ' Completo ' ),
( ' 40909179 ' , ' Set basico de 3.5 mm No 179 ' , ' 200163523 ' , ' Completo ' ),
( ' 40909202 ' , ' Set basico de 3.5 mm No 202  ' , ' 10911360 ' , ' Completo ' ),
( ' 40909203 ' , ' Set basico de 3.5 mm No 203  ' , ' 10911360 ' , ' Completo ' ),
( ' 40909211 ' , ' Set basico de 3.5 mm No 211 ' , ' 11007049 ' , ' Completo ' ),
( ' 40909212 ' , ' Set basico de 3.5 mm No 212 ' , ' 11007049 ' , ' Completo ' ),
( ' 40909213 ' , ' Set basico de 3.5 mm No 213 ' , ' 11007049 ' , ' Completo ' ),
( ' 40909101 ' , ' Tornilleria 3,5 en acero ' , '  ' , ' Completo ' ),
( ' 40818079 ' , ' Set basico de 4.5 mm No 79 ' , '  ' , ' Completo ' ),
( ' 40818095 ' , ' Set basico de 4.5 mm No 95 ' , ' S81809 ' , ' Completo ' ),
( ' 40818096 ' , ' Set basico de 4.5 mm No 96 ' , ' S81809 ' , ' Completo ' ),
( ' 40818104 ' , ' Set basico de 4.5 mm No 104 ' , ' S81810 ' , ' Completo ' ),
( ' 40818112 ' , ' Set basico de 4.5 mm No 112 ' , ' S81811 ' , ' Completo ' ),
( ' 40246011 ' , ' Set canulado 4.0 mm No 12 ' , '  ' , ' Completo ' ),
( ' 40104033 ' , ' Set canulado 4.0 mm No 38 ' , ' S10403 ' , ' Completo ' ),
( ' 40104038 ' , ' Set canulado 4.0 mm No 43 ' , ' S10403 ' , ' Completo ' ),
( ' 40104078 ' , ' Set canulado 4.0 mm No 83 ' , ' 200166662 ' , ' Completo ' ),
( ' 40104090 ' , ' Set canulado 4.0 mm No 95 ' , ' S24601 ' , ' Completo ' ),
( ' 40836005 ' , ' Set canulado 4.5 mm No 15 ' , ' S83600 ' , ' Completo ' ),
( ' 40836014 ' , ' Set canulado 4.5 mm No 15A ' , ' S83600 ' , ' Completo ' ),
( ' 40836007 ' , ' Set canulado 4.5 mm No 17 ' , ' S83600 ' , ' Completo ' ),
( ' 40841004 ' , ' Set canulado 7.3 mm No 15 ' , ' S84100 ' , ' Completo ' ),
( ' 40107327 ' , ' Set canulado 7.3 mm No 22 A ' , ' S10732 ' , ' Completo ' ),
( ' 40107333 ' , ' Set canulado 7.3 mm No 28 ' , ' S10733 ' , ' Completo ' ),
( ' 40107344 ' , ' Set canulado 7.3 mm No 39 ' , ' S10734 ' , ' Completo ' ),
( ' 4500000048 ' , ' Set LCP-VA 2.4/2.7 mm No 48 ' , ' S00000 ' , ' Completo ' ),
( ' 4500000065 ' , ' Contenedor implantes LCP-VA 2.4/2.7 mm No 65 ' , ' S00000 ' , ' Completo ' ),
( ' 4500000068 ' , ' Contenedor implantes LCP-VA 2.4/2.7 mm No 68 ' , ' S00000 ' , ' Completo ' ),
( ' 4500000080 ' , ' Contenedor implantes LCP-VA 2.4/2.7 mm No 80 ' , ' S00000 ' , ' Completo ' ),
( ' 4500000089 ' , ' Contenedor implantes LCP-VA 2.4/2.7 mm No 89 ' , '  ' , ' Completo ' ),
( ' 4500000096 ' , ' Contenedor implantes LCP-VA 2.4/2.7 mm No 96 ' , ' S00000 ' , ' Completo ' ),
( ' 4500000118 ' , ' Contenedor implantes LCP-VA 2.4/2.7 mm No 118 ' , ' 890070077 ' , ' Completo ' ),
( ' 4503203522 ' , ' Contenedor implantes Sistema LCP de pie 2.4mm Orif Com No 22 ' , ' S03203 ' , ' Completo ' ),
( ' 4503203535 ' , ' Contenedor implantes Sistema LCP de pie 2.4mm Orif Com No 35 ' , ' S03203 ' , ' Completo ' ),
( ' 4503203536 ' , ' Contenedor implantes Sistema LCP de pie 2.4mm Orif Com No 36 ' , ' S03203 ' , ' Completo ' ),
( ' 4503203537 ' , ' Contenedor implantes Sistema LCP de pie 2.4mm Orif Com No 37 ' , ' S03203 ' , ' Completo ' ),
( ' 4503203540 ' , ' Contenedor implantes Sistema LCP de pie 2.4mm Orif Com No 40 ' , ' S03203 ' , ' Completo ' ),
( ' 40237013 ' , ' Set herbert 2.4/3.0 No 23 ' , ' S23701 ' , ' Completo ' ),
( ' 40237023 ' , ' Set herbert 2.4/3.0 No 33 ' , ' 220119 ' , ' Completo ' ),
( ' 40237028 ' , ' Set herbert 2.4/3.0 No 38 ' , ' 190138619 ' , ' Completo ' ),
( ' 3029127 ' , ' RASPA DE PUTTI 30 CM ' , '  ' , ' Completo ' ),
( ' 9303800023 ' , ' SET DE SITEMA DE RODILLA PRIMARIO No. 23 ' , '  ' , ' Completo ' ),
( ' 930300023 ' , ' CONTENEDOR ACCESORIO DE RODILLA # 23 ' , '  ' , ' Completo ' ),
( ' 93038200012 ' , ' Set Instrumental Accesorio Narrow No. 12 ' , '  ' , ' Completo ' ),
( ' 9403800012 ' , ' Set de rodilla CMA No. 12 ' , '  ' , ' Completo ' ),
( ' 93048100014 ' , ' SET DE RODILLA AIO No: 14 ' , '  ' , ' Completo ' ),
( ' 930380011 ' , ' SET DE SITEMA DE RODILLA PRIMARIO No. 11 ' , '  ' , ' Completo ' ),
( ' 930300011 ' , ' Contenedor accesorios set de rodilla primaria No.11 ' , '  ' , ' Completo ' ),
( ' 40899647 ' , ' Set Clavo NeoGen AR No 47 ' , ' S89964 ' , ' Completo ' ),
( ' 40899853 ' , ' Set Clavo NeoGen AR No 53 ' , ' S89985 ' , ' Completo ' ),
( ' 40899856 ' , ' Set Clavo NeoGen AR No 56 ' , ' S89987 ' , ' Completo ' ),
( ' 40899873 ' , ' Set Clavo NeoGen AR No 73  ' , ' S89987 ' , ' Completo ' ),
( ' 25782000716 ' , ' Set clavo SpectruM Tibia MAGIC No 16  ' , ' 25782 ' , ' Completo ' ),
( ' 25782000726 ' , ' Set clavo SpectruM Tibia MAGIC No 26 ' , ' 2052 ' , ' Completo ' ),
( ' 40899631 ' , ' Set Clavo Neogen No 31 Tibia/Femur ' , ' S89963 ' , ' Completo ' ),
( ' 40899763 ' , ' Set Clavo Neogen No 63 ' , '  ' , ' Completo ' ),
( ' 40899779 ' , ' Set Clavo Neogen No 79 ' , ' 200170325 ' , ' Completo ' ),
( ' 25980000217 ' , ' Set clavo SpectruM Femur 2 MAGIC No 17 ' , ' 2020 ' , ' Completo ' ),
( ' 2558200020 ' , ' Set clavo SpectruM Retrogrado Femur MAGIC SANATMETAL No 20 ' , ' 2042 ' , ' Completo ' ),
( ' 40899742 ' , ' Set Clavo Neogen No 42 ' , ' S89974 ' , ' Completo ' ),
( ' 2538300012 ' , ' Set clavo SpectruM Húmero MAGIC No 12 ' , ' S25383 ' , ' Completo ' ),
( ' 2538300024 ' , ' Set clavo SpectruM Húmero MAGIC No 24 ' , ' 4005 ' , ' Completo ' ),
( ' 40387034 ' , ' Set Instrumental de T.E.N.S No 34 ' , ' ID-19092 ' , ' Completo ' ),
( ' 40387036 ' , ' Set Instrumental de T.E.N.S No 36  ' , ' WO202004012 ' , ' Completo ' ),
( ' 40387043 ' , ' Set Instrumental de T.E.N.S No 43 ' , '  ' , ' Completo ' ),
( ' 25883000211 ' , ' Set Instrumental clavo Trocanterico No 11 ' , ' 2005/2009 ' , ' Completo ' ),
( ' 25883000015 ' , ' Set Instrumental clavo Trocanterico Corto No 15 ' , '  ' , ' Completo ' ),
( ' 25883000218 ' , ' Set Instrumental clavo Trocanterico No 18 ' , ' 4007 ' , ' Completo ' ),
( ' 4060704012 ' , ' Set clavo Neosupra No 12 ' , ' 200173859 ' , ' Completo ' ),
( ' 4060704013 ' , ' Set clavo Neosupra No 13 ' , ' 200173859 ' , ' Completo ' ),
( ' 4060704021 ' , ' Set clavo Neosupra No 21 ' , ' 200173859 ' , ' Completo ' ),
( ' 4098664111 ' , ' SET INSTRUMENTAL PEDIATRICO No: 11  ' , ' 192592029 ' , ' Completo ' ),
( ' 4011169024 ' , ' Distractor de fracturas No 17 ' , ' 01116 ' , ' Completo ' ),
( ' 40206336 ' , ' Dobladora de Placa No 19 O 18  ' , ' 02063 ' , ' Completo ' ),
( ' 40206337 ' , ' Dobladora de Placa No 20 ' , ' 02063 ' , ' Completo ' ),
( ' 40206341 ' , ' Dobladora de Placa No 24 ' , ' S20634 ' , ' Completo ' ),
( ' 4040012 ' , ' Set accesorios miembro superior No 12 ' , ' S40012 ' , ' Completo ' ),
( ' 40811023 ' , ' Set DHS/DCS bloqueado No 23 ' , ' S81102 ' , ' Completo ' ),
( ' 4099219 ' , ' Set Instrumental de Osteotomia No 19 ' , ' S99219 ' , ' Completo ' ),
( ' 40817312 ' , ' Set Instrumental Accesorio de 3.5mm No.12 ' , ' ID19259 ' , ' Completo ' ),
( ' 40818312 ' , ' Set Instrumental Accesorio de 4.5mm No.12 ' , ' ID19259 ' , ' Completo ' ),
( ' 41001480011 ' , ' Set Instrumental Sirtalis No 11 ' , ' 2020 ' , ' Completo ' ),
( ' 23380002414 ' , ' Set instrumental vortex Tibia-Femur 5.1mm No 14 ' , ' 2040 ' , ' Completo ' ),
( ' 23380002427 ' , ' Set instrumental vortex Tibia-Femur 5.1mm No 27 ' , '  ' , ' Completo ' ),
( ' 23380001613 ' , ' Set instrumental vortex VDH 3.5mm No 13 ' , ' 2111 ' , ' Completo ' ),
( ' 23380001627 ' , ' Set instrumental vortex VDH 3.5mm No 27 ' , ' 2032 ' , ' Completo ' ),
( ' 23380001811 ' , ' Set instrumental vortex VDT 3.5mm No 11 ' , ' 2101 ' , ' Completo ' ),
( ' 3020013 ' , ' Set accesorio Pelvis No 13 ' , ' 2107016-C-1 ' , ' Completo ' ),
( ' 27020180013 ' , ' Set instrumental vortex VPE 3.5mm No 13 ' , ' 4002 ' , ' Completo ' ),
( ' 40800011 ' , ' Contenedor accesorio Corticotomía No 11 ' , ' 20211020 ' , ' Completo ' ),
( ' 40800013 ' , ' Contenedor accesorio Corticotomia No 13 ' , '  ' , ' Completo ' ),
( ' 40800014 ' , ' Contenedor accesorio Corticotomia No 14 ' , '  ' , ' Completo ' ),
( ' 5030001013 ' , ' Set accesorio implantes Hibrido II Generacion No 13 ' , ' 20211908 ' , ' Completo ' ),
( ' 503300117 ' , ' Contenedor de Implantes para Fijador de transporte No. 23 ' , ' 3300113 ' , ' Completo ' ),
( ' 503000314 ' , ' Contenedor de Implantes para fijador x-caliber hibrido No 14 A ' , ' S30003 ' , ' Completo ' ),
( ' 503000317 ' , ' Contenedor de Implantes para fijador x-caliber hibrido No 17 A ' , ' S30003 ' , ' Completo ' ),
( ' 503300107 ' , ' Contenedor de muestras Implantes para Fijador de transporte No. 13 ' , ' S33001 ' , ' Completo ' ),
( ' 4030005 ' , ' Set accesorios aros No 13 ' , ' S30005 ' , ' Completo ' ),
( ' 40522062 ' , ' Set de fijador grande 11 mm No 62 ' , ' S52206 ' , ' Completo ' ),
( ' 405220100 ' , ' Set de fijador grande 11 mm No 100 ' , ' 210186574 ' , ' Completo ' ),
( ' 405220101 ' , ' Set de fijador grande 11 mm No 101 ' , ' 210203473 ' , ' Completo ' ),
( ' 405220102 ' , ' Set de fijador grande 11 mm No 102 ' , '  ' , ' Completo ' ),
( ' 40524000 ' , ' Set de fijador pequeño/mini No 11 ' , ' S52400 ' , ' Completo ' ),
( ' 4036003 ' , ' Set fijador articulado de codo No 13 ' , ' S36003 ' , ' Completo ' ),
( ' 503300209 ' , ' Set Fijador de Transporte No 19 ' , ' S33002 ' , ' Completo ' ),
( ' 503400205 ' , ' Set fijador de transporte pediatrico No 15 ' , ' S34002 ' , ' Completo ' ),
( ' 503700103 ' , ' Set fijador dinamico de muñeca penning No 03 ' , ' S37001 ' , ' Completo ' ),
( ' 4021102 ' , ' Set Fijador Dyna store BK Dedo No 13 ' , ' S21102 ' , ' Completo ' ),
( ' 503900101 ' , ' Set Fijador externa mini riel No 11 ' , ' S39001 ' , ' Completo ' ),
( ' 40320021 ' , ' Set fijador Hibrido CG No 12A  (fijador hibrido + transporte No 2 ) ' , ' S32002 ' , ' Completo ' ),
( ' 40320033 ' , ' Set Fijador Hibrido CP No 13  (fijador hibrido + transporte No 3) ' , ' S32003 ' , ' Completo ' ),
( ' 409866411 ' , ' Set instrumental pediatrico No 11 ' , ' S98664 ' , ' Completo ' ),
( ' 503300214 ' , ' Set sistema fijador de transporte No 13 A ' , ' S33002 ' , ' Completo ' ),
( ' 503200114 ' , ' Set sistema fijador hidrido caja 1 No 14 A ' , ' S32001 ' , ' Completo ' ),
( ' 503200214 ' , ' Set sistema fijador hidrido caja 2 No 14 A ' , ' S32002 ' , ' Completo ' ),
( ' 507900716 ' , ' Set sistema fijador Ilizarov No 16 ' , ' S79007 ' , ' Completo ' ),
( ' 503800111 ' , ' Set sistema fijador mini penning No 11 A ' , ' S38001 ' , ' Completo ' ),
( ' 503800112 ' , ' Set sistema fijador mini penning No 12 A ' , ' S38001 ' , ' Completo ' ),
( ' 503800115 ' , ' Set sistema fijador mini penning No 15 A ' , ' ID19059 ' , ' Completo ' ),
( ' 503000105 ' , ' Set sistema fijador tibia/tobillo radiolucido No 05 ' , ' S30001 ' , ' Completo ' ),
( ' 40523044 ' , ' Set sistema fijador Mediano  8 mm No. 44 ' , ' S52304 ' , ' Completo ' ),
( ' 405230446 ' , ' Set de fijador mediano 8 mm No 46 ' , '  ' , ' Completo ' ),
( ' 40523051 ' , ' Set de fijador mediano 8 mm No 51 ' , '  ' , ' Completo ' ),
( ' 4517000011 ' , ' Set Pistola de Reduccion Colineal No 11 ' , ' S17000 ' , ' Completo ' ),
( ' 930300013 ' , ' Contenedor accesorios set de rodilla primaria No.23 ' , ' CM181130 ' , ' Completo ' ),
( ' 9304810014 ' , ' Set de Rodilla AIO No. 14 ' , ' S30481 ' , ' Completo ' ),
( ' 940380012 ' , ' Set de rodilla CMA No. 12 ' , ' S30370 ' , ' Completo ' ),
( ' 930380023 ' , ' Set Sistema de Rodilla Primaria No 23 ' , ' 93038 ' , ' Completo ' ),
( ' 9303820012 ' , ' Set Instrumental Accesorio Narrow No.12 ' , ' 180800061 ' , ' Completo ' ),
( ' 920680024 ' , ' SET SISTEMA DE CADERA # 24 ' , '  ' , ' Completo ' ),
( ' 930400024 ' , ' Contenedor accesorios set de CADERA No. 24 ' , '  ' , ' Completo ' ),
( ' 103040011 ' , ' Set de instrumental Alfa-Beta No. 11 ' , ' TI1030 ' , ' Completo ' ),
( ' 103520011 ' , ' Set de instrumental Gamma No. 11 ' , ' TI1035 ' , ' Completo ' ),
( ' 551505013 ' , ' Set accesorio de cureta Cervical No 13 ' , ' 30062020 ' , ' Completo ' ),
( ' 55150111 ' , ' Set Cage Polar No. 11 ' , ' SC0001 ' , ' Completo ' ),
( ' 000111 ' , ' Set Sistema Cervical Plate No. 11 ' , ' ID-008-009-010 ' , ' Completo ' ),
( ' 00014 ' , ' Set Sistema Occipitocervical Oxis No. 14 ' , ' ID-008-009-010 ' , ' Completo ' ),
( ' 30011 ' , ' Set Sistema para Corpectomía Cervical VERTILIF-C No. 11 ' , ' SCC0011 ' , ' Completo ' ),
( ' 011 ' , ' Set Sistema Toracolumbar Armada No: 11 ' , '  ' , ' Completo ' ),
( ' 0001111 ' , ' Set Sistema Retractor Cervical No. 11 ' , ' 220119 ' , ' Completo ' ),
( ' 00011111 ' , ' Sistema Transpedicular  Plexus Nº 11 ' , ' S00011 ' , ' Completo ' ),
( ' 00018 ' , ' CONTENEDOR ACCESORIO PLEXUS  # 18 ' , '  ' , ' Completo ' ),
( ' 808200015 ' , ' Set Instrumental Hombro Elitool No. 15 ' , '  ' , ' Completo ' ),
( ' 808200016 ' , ' Set Instrumental Hombro Elitool No. 16 ' , ' 1908114 ' , ' Completo ' ),
( ' 808100019 ' , ' Set Instrumental Rodilla Pragmatool (LCA/LCP) No 19 ' , '  ' , ' Completo ' ),
( ' 80191540028 ' , ' Set instrumental Sutura Meniscal AcuPecker No. 28 ' , ' 1906075 ' , ' Completo ' ),
( ' 808100016 ' , ' Set Instrumental Rodilla Pragmatool (LCA/LCP) No 16 ' , '  ' , ' Completo ' ),
( ' 808100017 ' , ' Set Instrumental Rodilla Pragmatool (LCA/LCP) No 17 ' , '  ' , ' Completo ' ),
( ' 80191540019 ' , ' Set instrumental sutura meniscal Acupecker No 19 ' , '  ' , ' Completo ' ),
( ' 80191540017 ' , ' Set instrumental sutura meniscal Acupecker No 17 ' , '  ' , ' Completo ' ),
( ' 7707304035327 ' , ' Mesa de preparación para injertos (Work Station) ' , ' 2002210005 ' , ' Completo ' ),
( ' 8034112 ' , ' Lente de artroscopia de 30° 175mm Ligatech No 12 ' , ' SNXG34033G ' , ' Completo ' ),
( ' 8034212 ' , ' Camisa para lente de artroscopia Ligatech No 12 ' , ' SN20023F ' , ' Completo ' ),
( ' 8034312 ' , ' Trocar para lente de artroscopia Ligatech No 12 ' , ' SN30027F ' , ' Completo ' );


insert into set_(codigo_set,nombre_set,lote,estado)
values
( ' 404270071 ' , ' PERFORADOR BOJIN Nº 71 ' , ' 099419102156 ' , ' Completo ' ),
( ' 404270183 ' , ' PERFORADOR BOJIN Nº 183 ' , ' 099419102146 ' , ' Completo ' ),
( ' 403900071 ' , ' Mini perforador canulado YS No 81 ' , ' S39000 ' , ' Completo ' ),
( ' WU4018051112 ' , ' Mini perforador canulado Wuhu No 12 ' , ' RJS-2017-8-3 ' , ' Completo ' ),
( ' WU4018051136 ' , ' Mini perforador canulado Wuhu No 36 1 INTERCAMBIADOR ' , ' S40180 ' , ' Completo ' ),
( ' WU4018051137 ' , ' Mini perforador canulado Wuhu No 37 ' , ' S40180 ' , ' Completo ' ),
( ' WU4018051156 ' , ' Mini perforador canulado Wuhu No 56 ' , ' 099419102129 ' , ' Completo ' ),
( ' WU4018051166 ' , ' Mini perforador canulado Wuhu No 66 ' , ' 099419102129 ' , ' Completo ' ),
( ' WU4018051168 ' , ' Mini perforador canulado Wuhu No 68 ' , ' 099419102118 ' , ' Completo ' ),
( ' WU4018051177 ' , ' Mini perforador canulado Wuhu No 77 ' , ' 226621012007 ' , ' Completo ' ),
( ' WU40180511175 ' , ' Mini perforador canulado Wuhu No 75 ' , ' 226621012007 ' , ' Completo ' ),
( ' WU4018051182 ' , ' Mini perforador canulado Wuhu No 82 ' , ' 226621012005 ' , ' Completo ' ),
( ' WU4018051183 ' , ' Mini perforador canulado Wuhu No 83 ' , '  ' , ' Completo ' ),
( ' WU4018051188 ' , ' Mini perforador canulado Wuhu No 88 ' , ' 226621012006 ' , ' Completo ' ),
( ' 4039000036 ' , ' Mini perforador canulado YS No 46 ' , ' S39000 ' , ' Completo ' ),
( ' WU4005181112 ' , ' Mini sierra oscilante Wuhu No 12 rotatoria ' , ' S40051 ' , ' Completo ' ),
( ' WU4005181118 ' , ' Mini sierra oscilante Wuhu No 18 rotatoria ' , ' S40051 ' , ' Completo ' ),
( ' WU4005181119 ' , ' Mini sierra oscilante Wuhu No 19 rotatoria ' , ' RJS-2018-2-5 ' , ' Completo ' ),
( ' WU4005181127 ' , ' Mini sierra oscilante Wuhu No 27 rotatoria ' , ' RJS-2018-2-5 ' , ' Completo ' ),
( ' WU4005181130 ' , ' Mini sierra oscilante Wuhu No 30 rotatoria ' , '  ' , ' Completo ' ),
( ' WU4005181140 ' , ' Mini sierra oscilante Wuhu No 40 rotatoria ' , ' 220120123004 ' , ' Completo ' ),
( ' 403910009 ' , ' Mini sierra oscilante YS No 19 ' , ' S39100 ' , ' Completo ' ),
( ' WU4010000017 ' , ' Perforador Canulado Serie Wuhu No 17 ' , ' 202122021119 ' , ' Completo ' ),
( ' WU4010000018 ' , ' Perforador Canulado Serie Wuhu No 18 ' , ' 202122021119 ' , ' Completo ' ),
( ' M45100110002 ' , ' Perforador Canulado Serie BAIDE Orthopedic No 02 ' , ' S10011 ' , ' Completo ' ),
( ' 45100110012 ' , ' Perforador Canulado Serie BAIDE Orthopedic No 12 ' , ' S10011 ' , ' Completo ' ),
( ' 45100110064 ' , ' Perforador Canulado Serie BAIDE Orthopedic No 64 ' , ' S10726 ' , ' Completo ' ),
( ' 45100110068 ' , ' Perforador Canulado Serie BAIDE Orthopedic  No 68 ' , '  ' , ' Completo ' ),
( ' 45100110074 ' , ' Perforador Canulado Serie BAIDE Orthopedic EF No 74 INTERCAMBIADOR ROTO ' , ' S10011 ' , ' Completo ' ),
( ' 45100110078 ' , ' Perforador Canulado Serie BAIDE Orthopedic EF No 78  ' , ' S10011 ' , ' Completo ' ),
( ' 45100110091 ' , ' Perforador Canulado Serie BAIDE Orthopedic No 91 ' , '  ' , ' Completo ' ),
( ' 451001100105 ' , ' Perforador Canulado Serie BAIDE Orthopedic  No 105 ' , ' S10011 ' , ' Completo ' ),
( ' 451001100106 ' , ' Perforador Canulado Serie BAIDE Orthopedic No 106 ' , ' S10011 ' , ' Completo ' ),
( ' 451001100114 ' , ' Perforador Canulado Serie BAIDE Orthopedic No 114 ' , ' S10011 ' , ' Completo ' ),
( ' 451001100115 ' , ' Perforador Canulado Serie BAIDE Orthopedic No 115 ' , '  ' , ' Completo ' ),
( ' 451001100122 ' , ' Perforador Canulado Serie BAIDE Orthopedic No 122 ' , ' S10012 ' , ' Completo ' ),
( ' 451001100155 ' , ' Perforador Canulado Serie BAIDE Orthopedic No 155 ' , '  ' , ' Completo ' ),
( ' 451001100157 ' , ' Perforador Canulado Serie BAIDE Orthopedic No 157 ' , '  ' , ' Completo ' ),
( ' 451001100163 ' , ' Perforador Canulado Serie BAIDE Orthopedic No 163 ' , ' 190920004 ' , ' Completo ' ),
( ' 451001100175 ' , ' Perforador Canulado Serie BAIDE Orthopedic No 175 ' , '  ' , ' Completo ' ),
( ' 451001100200 ' , ' Perforador Canulado Serie BAIDE Orthopedic No 200 ' , '  ' , ' Completo ' ),
( ' 451001100202 ' , ' Perforador Canulado Serie BAIDE Orthopedic No 202 ' , ' S10011 ' , ' Completo ' ),
( ' 451001100219 ' , ' Perforador Canulado Serie BAIDE Orthopedic No 219  ' , ' S10012 ' , ' Completo ' ),
( ' 451001100233 ' , ' Perforador Canulado Serie BAIDE Orthopedic No 233 SIN INTERCAMBIADOR ' , '  ' , ' Completo ' ),
( ' 451001100248 ' , ' Perforador Canulado Serie BAIDE Orthopedic No 248 ' , '  ' , ' Completo ' ),
( ' 451001100249 ' , ' Perforador Canulado Serie BAIDE Orthopedic No 249 ' , '  ' , ' Completo ' ),
( ' 451001100253 ' , ' Perforador Canulado Serie BAIDE Orthopedic No 253 ' , ' 320045022 ' , ' Completo ' ),
( ' 451001100255 ' , ' Perforador Canulado Serie BAIDE Orthopedic No 255 ' , ' 320045022 ' , ' Completo ' ),
( ' 451001100262 ' , ' Perforador Canulado Serie BAIDE Orthopedic No 262 ' , ' 320045022 ' , ' Completo ' ),
( ' 451001100265 ' , ' Perforador Canulado Serie BAIDE Orthopedic No 265 ' , '  ' , ' Completo ' ),
( ' 451001100279 ' , ' Perforador Canulado Serie BAIDE Orthopedic No 279 ' , ' 320045022 ' , ' Completo ' ),
( ' 451001100287 ' , ' Perforador Canulado Serie BAIDE Orthopedic No 287 ' , ' 320045022 ' , ' Completo ' ),
( ' 45100140011 ' , ' Sierra oscilante Serie BAIDE Orthopedic No 11 ' , ' 45114 ' , ' Completo ' ),
( ' 45100140016 ' , ' Sierra oscilante Serie BAIDE Orthopedic No 16 ' , ' 319055152 ' , ' Completo ' ),
( ' 451001400014 ' , ' Sierra oscilante Serie BAIDE Orthopedic EF No 14 ' , ' 320045052 ' , ' Completo ' ),
( ' 45100110161 ' , ' CABEZAL DE SIERRA BAIDE # 64 3 HOJAS DE SIERRA ' , ' 172650002 ' , ' Completo ' ),
( ' 45100110162 ' , ' CABEZAL DE SIERRA BAIDE # 2 4 HOJAS DE SIERRA ' , ' 172650002 ' , ' Completo ' ),
( ' 45100110163 ' , ' CABEZAL DE SIERRA BAIDE # 3 4 HOJAS DE SIERRA ' , ' 172650002 ' , ' Completo ' ),
( ' 45100110164 ' , ' CABEZAL DE SIERRA BAIDE # 4 4 HOJAS DE SIERRA ' , ' 320095093 ' , ' Completo ' ),
( ' 45100110165 ' , ' CABEZAL DE SIERRA BAIDE # 5 4 HOJAS DE SIERRA ' , ' 318125303 ' , ' Completo ' ),
( ' ST19000120013 ' , ' Perforador para pequeños fragmentos F1 No 13 ' , ' 1933901043 ' , ' Completo ' ),
( ' 4510011001127 ' , ' Sistema Perforador - Sierra Reemplazos Articulares No 27 ' , '  ' , ' Completo ' ),
( ' 4510011001136 ' , ' Sistema Perforador - Sierra Reemplazos Articulares No.36 ' , ' S10011 ' , ' Completo ' ),
( ' WU4010010013 ' , ' Sistema Perforador - Sierra Wuhu No. 13 ' , '  ' , ' Completo ' ),
( ' 40570048 ' , ' Micromotor Maxilofacial Surgic AP No 44 ' , ' S57001 ' , ' Completo ' ),
( ' 451001100216 ' , ' Perforador Canulado Serie BAIDE Orthopedic No 216 ' , ' S10011 ' , ' Completo ' ),
( ' 451001100111 ' , ' Perforador Canulado Serie BAIDE Orthopedic No 111 ' , ' S10011 ' , ' Completo ' ),
( ' 451001100117 ' , ' Perforador Canulado Serie BAIDE Orthopedic No 117 ' , ' S10011 ' , ' Completo ' ),
( ' 451001100198 ' , ' Perforador Canulado Serie BAIDE Orthopedic No 198 ' , '  ' , ' Completo ' ),
( ' WU4018051134 ' , ' Mini perforador canulado Wuhu No 34  ' , ' S40180 ' , ' Completo ' ),
( ' WU4018051175 ' , ' Mini perforador canulado Wuhu No 75 ' , ' 226621012007 ' , ' Completo ' ),
( ' 403900036 ' , ' Mini perforador canulado YS No 46 ' , ' S39000 ' , ' Completo ' ),
( ' WU4005181132 ' , ' Mini sierra oscilante Wuhu No 32 rotatoria ' , ' RJS-2018-2-5 ' , ' Completo ' );

alter table producto modify column nombre_producto varchar(500) not null

insert into producto (codigo_producto, nombre_producto,lote_producto,cantidad,id_categoria)
values
( ' 30240311010 ' , ' Tornillo FLH-AV de 2.4 mm x 10 mm ti ' , ' 04110009 ' ,3,420),
( ' 30240311012 ' , ' Tornillo FLH-AV de 2.4 mm x 12 mm ti ' , ' 04110009 ' ,3,420),
( ' 30240311014 ' , ' Tornillo FLH-AV de 2.4 mm x 14 mm ti ' , ' 04110009 ' ,6,420),
( ' 30240311016 ' , ' Tornillo FLH-AV de 2.4 mm x 16 mm ti ' , ' 04110009 ' ,6,420),
( ' 30240311018 ' , ' Tornillo FLH-AV de 2.4 mm x 18 mm ti ' , ' 04110009 ' ,6,420),
( ' 30240311020 ' , ' Tornillo FLH-AV de 2.4 mm x 20 mm ti ' , ' 04110009 ' ,6,420),
( ' 30240311022 ' , ' Tornillo FLH-AV de 2.4 mm x 22 mm ti ' , ' 04110009 ' ,6,420),
( ' 30240311024 ' , ' Tornillo FLH-AV de 2.4 mm x 24 mm ti ' , ' 04110009 ' ,6,420),
( ' 30240311026 ' , ' Tornillo FLH-AV de 2.4 mm x 26 mm  ti ' , ' 04110010 ' ,6,420),
( ' 30240311028 ' , ' Tornillo FLH-AV de 2.4 mm x 28 mm ti ' , ' 04110010 ' ,6,420),
( ' 30240311030 ' , ' Tornillo FLH-AV de 2.4 mm x 30 mm ti ' , ' 04110010 ' ,3,420),
( ' 30240311032 ' , ' Tornillo FLH-AV de 2.4 mm x 32 mm ti ' , ' 04110010 ' ,3,420),
( ' 30240311034 ' , ' Tornillo FLH-AV de 2.4 mm x 34 mm ti ' , ' 04110010 ' ,3,420),
( ' 30240311036 ' , ' Tornillo FLH-AV de 2.4 mm x 36 mm ti ' , ' 04110010 ' ,3,420),
( ' 30240311038 ' , ' Tornillo FLH-AV de 2.4 mm x 38 mm ti ' , ' 04110010 ' ,3,420),
( ' 30240311040 ' , ' Tornillo FLH-AV de 2.4 mm x 40 mm ti ' , ' 04110010 ' ,3,420),
( ' 30240317008 ' , ' Tornillo cortical FLH de 2.4 mm x 8 mm ti ' , ' 04110011 ' ,3,420),
( ' 30240317010 ' , ' Tornillo cortical FLH de 2.4 mm x 10 mm ti ' , ' 04110011 ' ,3,420),
( ' 30240317012 ' , ' Tornillo cortical FLH de 2.4 mm x 12 mm ti ' , ' 04110011 ' ,6,420),
( ' 30240317014 ' , ' Tornillo cortical FLH de 2.4 mm x 14 mm ti ' , ' 04110011 ' ,6,420),
( ' 30240317016 ' , ' Tornillo cortical FLH de 2.4 mm x 16 mm ti ' , ' 04110011 ' ,6,420),
( ' 30240317018 ' , ' Tornillo cortical FLH  de 2.4 mm x 18 mm ti ' , ' 04110011 ' ,3,420),
( ' 30240317020 ' , ' Tornillo cortical FLH  de 2.4 mm x 20 mm ti ' , ' 04110011 ' ,3,420),
( ' 3801039026 ' , ' Tornillo para clavo SB de 4,9 mm x 26 mm ac ' , ' 00010004 ' ,10,420),
( ' 3801039854 ' , ' Tornillo para clavo SB de 4,9 mm x 54 mm ac ' , ' 00010004 ' ,14,420),
( ' 3801039958 ' , ' Tornillo para clavo SB de 4,9 mm x 58 mm ac ' , ' 00010004 ' ,4,420),
( ' 3801040062 ' , ' Tornillo para clavo SB de 4,9 mm x 62 mm ac ' , ' 00010004 ' ,8,420),
( ' 3801040166 ' , ' Tornillo para clavo SB de 4,9 mm x 66 mm ac ' , ' 00010004 ' ,10,420),
( ' 4011622070 ' , ' Tornillo de bloqueo de 3.5 mm x 12 mm ac ' , ' 00010003 ' ,3,420),
( ' 4011622071 ' , ' Tornillo de bloqueo de 3.5 mm x 14 mm ac ' , ' 00010003 ' ,1,420),
( ' 4011622074 ' , ' Tornillo de bloqueo de 3.5 mm x 20 mm ac ' , ' 00010003 ' ,4,420),
( ' 4011622075 ' , ' Tornillo de bloqueo de 3.5 mm x 22 mm ac ' , ' 00010003 ' ,5,420),
( ' 4011622078 ' , ' Tornillo de bloqueo de 3.5 mm x 28 mm ac ' , ' 00010003 ' ,5,420),
( ' 4011622079 ' , ' Tornillo de bloqueo de 3.5 mm x 30 mm ac ' , ' 00010003 ' ,5,420),
( ' 4011622080 ' , ' Tornillo de bloqueo de 3.5 mm x 32 mm ac ' , ' 00010003 ' ,5,420),
( ' 4011622081 ' , ' Tornillo de bloqueo de 3.5 mm x 34 mm ac ' , ' 00010003 ' ,4,420),
( ' 4011622082 ' , ' Tornillo de bloqueo de 3.5 mm x 36 mm ac ' , ' 00010003 ' ,5,420),
( ' 4011622088 ' , ' Tornillo de bloqueo de 4.5 mm x 24 mm ac ' , ' 00010004 ' ,3,420),
( ' 4011622093 ' , ' Tornillo de bloqueo de 4.5 mm x 34 mm ac ' , ' 00010004 ' ,1,420),
( ' 4011622096 ' , ' Tornillo de bloqueo de 4.5 mm x 40 mm ac ' , ' 00010004 ' ,1,420),
( ' 40121540 ' , ' Clavo elastico NG de 1.5 mm x 400 mm Ti ' , ' 99999934 ' ,183,420),
( ' 40122040 ' , ' Clavo elastico NG de 2.0 mm x 400 mm Ti ' , ' 99999934 ' ,160,420),
( ' 4012222044 ' , ' Placa lc-dcp 3.5 mm x 4 orif. ac ' , ' 44444408 ' ,2,420),
( ' 4012222045 ' , ' Placa lc-dcp 3.5 mm x 5 orif. ac ' , ' 44444408 ' ,1,420),
( ' 4012222046 ' , ' Placa lc-dcp 3.5 mm x 6 orif. ac ' , ' 44444408 ' ,2,420),
( ' 4012222047 ' , ' Placa lc-dcp 3.5 mm x 7 orif. ac ' , ' 44444408 ' ,2,420),
( ' 4012222048 ' , ' Placa lc-dcp 3.5 mm x 8 orif. ac ' , ' 44444408 ' ,1,420),
( ' 4012222049 ' , ' Placa lc-dcp 3.5 mm x 9 orif. ac ' , ' 44444408 ' ,2,420),
( ' 4012222050 ' , ' Placa lc-dcp 3.5 mm x 10 orif. ac ' , ' 44444408 ' ,2,420),
( ' 4012222051 ' , ' Placa lc-dcp 3.5 mm x 11 orif. ac ' , ' 44444408 ' ,2,420),
( ' 4012222052 ' , ' Placa lc-dcp 3.5 mm x 12 orif. ac ' , ' 44444408 ' ,2,420),
( ' 40122540 ' , ' Clavo elastico NG de 2.5 mm x 400 mm Ti ' , ' 03120010 ' ,39,420),
( ' 40123040 ' , ' Clavo elastico NG de 3.0 mm x 400 mm Ti ' , ' 03120011 ' ,43,420),
( ' 40123540 ' , ' Clavo elastico NG de 3.5 mm x 400 mm Ti ' , ' 03120012 ' ,34,420),
( ' 40124040 ' , ' Clavo elastico NG de 4.0 mm x 400 mm Ti ' , ' 03130001 ' ,4,420),
( ' 4020109006 ' , ' Placa lc-dcp 3.5 mm x 6 orif. ti ' , ' 00010001 ' ,6,420),
( ' 4020109007 ' , ' Placa lc-dcp 3.5 mm x 7 orif. ti ' , ' 00010001 ' ,4,420),
( ' 4020109008 ' , ' Placa lc-dcp 3.5 mm x 8 orif. ti ' , ' 00010001 ' ,6,420),
( ' 4020109009 ' , ' Placa lc-dcp 3.5 mm x 9 orif. ti ' , ' 00010001 ' ,2,420),
( ' 4020109010 ' , ' Placa lc-dcp 3.5 mm x 10 orif. ti ' , ' 00010001 ' ,9,420),
( ' 4020110004 ' , ' Placa lc-dcp 4.5 mm x 4 orif ti ' , ' 00010001 ' ,6,420),
( ' 4020110005 ' , ' Placa lc-dcp 4.5 mm x 5 orif ti ' , ' 00010001 ' ,2,420),
( ' 4020110006 ' , ' Placa lc-dcp 4.5 mm x 6 orif. ti ' , ' 00010001 ' ,2,420),
( ' 4020144108 ' , ' Placa de reconstruccion curva 3.5 mm x 8 orif. ti ' , ' 00010001 ' ,1,420),
( ' 4020144110 ' , ' Placa de reconstruccion curva 3.5 mm x 10 orif ti ' , ' 00010001 ' ,1,420),
( ' 4020144112 ' , ' Placa de reconstruccion curva 3.5 mm x 12 orif. ti ' , ' 00010001 ' ,1,420),
( ' 4020144114 ' , ' Placa de reconstruccion curva 3.5 mm x 14 orif. ti ' , ' 00010001 ' ,5,420),
( ' 4020144116 ' , ' Placa de reconstruccion curva 3.5 mm x 16 orif. ti ' , ' 00010004 ' ,2,420),
( ' 4020300040 ' , ' Arandela de 4.0 mm ac ' , ' 00010004 ' ,3,420),
( ' 4020300045 ' , ' Arandela de 4.5 mm ac ' , ' 00010004 ' ,1,420),
( ' 4020300065 ' , ' Arandela de 6.5 mm ac ' , ' 00010004 ' ,3,420),
( ' 4022501004 ' , ' Placa de compresion y bloqueo de 3.5 mm x 4 orif. ti ' , ' 00010004 ' ,1,420),
( ' 4022501005 ' , ' Placa de compresion y bloqueo de 3.5 mm x 5 orif. ti ' , ' 00010005 ' ,1,420),
( ' 4022501006 ' , ' Placa de compresion y bloqueo de 3.5 mm x 6 orif. ti ' , ' 00010005 ' ,1,420),
( ' 4022501007 ' , ' Placa de compresion y bloqueo de 3.5 mm x 7 orif. ti ' , ' 00010001 ' ,1,420),
( ' 4022501008 ' , ' Placa de compresion y bloqueo de 3.5 mm x 8 orif. ti ' , ' 00010005 ' ,1,420),
( ' 4022501009 ' , ' Placa de compresion y bloqueo de 3.5 mm x 9 orif. ti ' , ' 00010005 ' ,1,420),
( ' 4022501010 ' , ' Placa de compresion y bloqueo de 3.5 mm x 10 orif. ti ' , ' 00010005 ' ,1,420),
( ' 4022501011 ' , ' Placa de compresion y bloqueo de 3.5 mm x 11 orif. ti ' , ' 00010003 ' ,13,420),
( ' 4022501012 ' , ' Placa de compresion y bloqueo de 3.5 mm x 12 orif. ti ' , ' 00010004 ' ,1,420),
( ' 4022502005 ' , ' Placa de compresion y bloqueo de radio distal lateral  de 3.5 mm x 5 orif. ti ' , ' 00010004 ' ,8,420),
( ' 4022502006 ' , ' Placa de compresion y bloqueo de radio distal lateral  de 3.5 mm x 6 orif. ti ' , ' 02010012 ' ,6,420),
( ' 4022503104 ' , ' Placa de compresion y bloqueo radio distal dorsal der. de 3.5 mm x 2 x 4 orif ti ' , ' 44444408 ' ,1,420),
( ' 4022503204 ' , ' Placa de compresion y bloqueo radio distal dorsal izq. de 3.5 mm x 2 x 4 orif ti ' , ' 02010012 ' ,1,420),
( ' 4022504114 ' , ' Placa de compresion y bloqueo humero distal dorsal der. de 3.5 mm x 6 x 14 orif. ti ' , ' 02010012 ' ,5,420),
( ' 4022505102 ' , ' Placa de compresion y bloqueo de tibia distal anterolateral de 4.5 mm de 5 x 2 orif. der. ti ' , ' 02010012 ' ,5,420),
( ' 4022505104 ' , ' Placa de compresion y bloqueo de tibia distal anterolateral de 4.5 mm de 5 x 4 orif. der. ti ' , ' 02010012 ' ,5,420),
( ' 4022505106 ' , ' Placa de compresion y bloqueo de tibia distal anterolateral de 4.5 mm de 5 x 6 orif. der. ti ' , ' 02010012 ' ,9,420),
( ' 4022505108 ' , ' Placa de compresion y bloqueo de tibia distal anterolateral de 4.5 mm de 5 x 8 orif. der. ti ' , ' 02010012 ' ,12,420),
( ' 4022505202 ' , ' Placa de compresion y bloqueo de tibia distal anterolateral de 4.5 mm de 5 x 2 orif. izq. ti ' , ' 02010012 ' ,4,420),
( ' 4022505204 ' , ' Placa de compresion y bloqueo de tibia distal anterolateral de 4.5 mm de 5 x 4 orif. izq. ti ' , ' 02010012 ' ,2,420),
( ' 4022505206 ' , ' Placa de compresion y bloqueo de tibia distal anterolateral de 4.5 mm de 5 x 6 orif. izq. ti ' , ' 44444408 ' ,1,420),
( ' 4022505208 ' , ' Placa de compresion y bloqueo de tibia distal anterolateral de 4.5 mm de 5 x 8 orif. izq. ti ' , ' 44444408 ' ,1,420),
( ' 4022506004 ' , ' Placa de compresion y bloqueo metafisiaria de 3.5 mm x 4 orif. Ti ' , ' 02010012 ' ,10,420),
( ' 4022506005 ' , ' Placa de compresion y bloqueo metafisiaria de 3.5 mm x 5 orif. Ti ' , ' 02020001 ' ,2,420),
( ' 4022506006 ' , ' Placa de compresion y bloqueo metafisiaria de 3.5 mm x 6 orif. Ti ' , ' 02020001 ' ,3,420),
( ' 4022506007 ' , ' Placa de compresion y bloqueo metafisiaria de 3.5 mm x 7 orif. ti ' , ' 02020001 ' ,5,420),
( ' 4022506008 ' , ' Placa de compresion y bloqueo metafisiaria de 3.5 mm x 8 orif. ti ' , ' 02020001 ' ,5,420),
( ' 4022506009 ' , ' Placa de compresion y bloqueo metafisiaria de 3.5 mm x 9 orif. ti ' , ' 02020001 ' ,1,420),
( ' 4022506010 ' , ' Placa de compresion y bloqueo metafisiaria de 3.5 mm x 10 orif. Ti ' , ' 44444408 ' ,1,420),
( ' 4022506011 ' , ' Placa de compresion y bloqueo metafisiaria de 3.5 mm x 11 orif. Ti ' , ' 02020001 ' ,2,420),
( ' 4022506012 ' , ' Placa de compresion y bloqueo metafisiaria de 3.5 mm x 12 orif. Ti ' , ' 02020001 ' ,5,420),
( ' 4022506014 ' , ' Placa de compresion y bloqueo metafisiaria de 3.5 mm x 14 orif. Ti ' , ' 02020001 ' ,1,420),
( ' 4022506016 ' , ' Placa de compresion y bloqueo metafisiaria de 3.5 mm x 16 orif. Ti ' , ' 02020001 ' ,1,420),
( ' 4022506018 ' , ' Placa de compresion y bloqueo metafisiaria de 3.5 mm x 18 orif. Ti ' , ' 02020001 ' ,1,420),
( ' 4022508003 ' , ' Placa de compresion y bloqueo de humero proximal corta x 3 orif. ti ' , ' 02020001 ' ,6,420),
( ' 4022508005 ' , ' Placa de compresion y bloqueo de humero proximal corta x 5 orif. ti ' , ' 02020001 ' ,1,420),
( ' 4022509005 ' , ' Placa de compresion y bloqueo de Humero proximal larga x 5 orif. ti ' , ' 02020001 ' ,1,420),
( ' 4022509006 ' , ' Placa de compresion y bloqueo de humero proximal larga x 6 orif. ti ' , ' 02020002 ' ,1,420),
( ' 4022509010 ' , ' Placa de compresion y bloqueo de Humero proximal larga x 10 orif. ti ' , ' 02020002 ' ,5,420),
( ' 4022509012 ' , ' Placa de compresion y bloqueo de Humero proximal larga x 12 orif. ti ' , ' 02020002 ' ,14,420),
( ' 4022510103 ' , ' Placa de compresion y bloqueo clavicular der. de 3.5 mm x 3 x 3 orif. ti ' , ' 00010001 ' ,3,420),
( ' 4022510105 ' , ' Placa de compresion y bloqueo clavicular der. de 3.5 mm x 3 x 5 orif. ti ' , ' 00010001 ' ,2,420),
( ' 4022510107 ' , ' Placa de compresion y bloqueo clavicular der. de 3.5 mm x 3 x 7 orif. ti ' , ' 00010001 ' ,1,420),
( ' 4022510202 ' , ' Placa de compresion y bloqueo clavicular izq. de 3.5 mm x 3 x 2 orif. ti ' , ' 00010001 ' ,4,420),
( ' 4022510203 ' , ' Placa de compresion y bloqueo clavicular izq. de 3.5 mm x 3 x 3 orif. ti ' , ' 00010001 ' ,1,420),
( ' 4022510205 ' , ' Placa de compresion y bloqueo clavicular izq. de 3.5 mm x 3 x 5 orif. ti ' , ' 00010001 ' ,1,420),
( ' 4022510207 ' , ' Placa de compresion y bloqueo clavicular izq. de 3.5 mm x 3 x 7 orif. ti ' , ' 00010001 ' ,3,420),
( ' 4022511103 ' , ' Placa de compresion y bloqueo en T oblicua der. de 3.5 mm 3 x 3 orif. ti ' , ' 00010004 ' ,3,420),
( ' 4022511104 ' , ' Placa de compresion y bloqueo en T oblicua der. de 3.5 mm 3 x 4 orif. ti ' , ' 00010004 ' ,5,420),
( ' 4022511105 ' , ' Placa de compresion y bloqueo en T oblicua der. de 3.5 mm 3 x 5 orif. ti ' , ' 00010004 ' ,3,420),
( ' 4022511203 ' , ' Placa de compresion y bloqueo en T oblicua izq. de 3.5 mm 3 x 3 orif. ti ' , ' 00010004 ' ,2,420),
( ' 4022511204 ' , ' Placa de compresion y bloqueo en T oblicua izq. de 3.5 mm 3 x 4 orif. ti ' , ' 00010004 ' ,2,420),
( ' 4022511205 ' , ' Placa de compresion y bloqueo en T oblicua izq. de 3.5 mm 3 x 5 orif. ti ' , ' 00010004 ' ,1,420),
( ' 4022512003 ' , ' Placa de compresion y bloqueo en T recta de 3.5 mm 3 x 3 orif. ti ' , ' 00010004 ' ,2,420),
( ' 4022512004 ' , ' Placa de compresion y bloqueo en T recta de 3.5 mm 3 x 4 orif. ti ' , ' 00010004 ' ,1,420),
( ' 4022512005 ' , ' Placa de compresion y bloqueo en T recta de 3.5 mm 3 x 5 orif. ti ' , ' 00010004 ' ,2,420),
( ' 4022512006 ' , ' Placa de compresion y bloqueo en T recta de 3.5 mm 3 x 6 orif. ti ' , ' 00010004 ' ,1,420),
( ' 4022513003 ' , ' Placa de compresion y bloqueo humero distal medial de 3.5 mm x 4 x 3 orif. ti ' , ' 00010004 ' ,1,420),
( ' 4022513005 ' , ' Placa de compresion y bloqueo humero distal medial de 3.5 mm x 4 x 5 orif. ti ' , ' 00010004 ' ,1,420),
( ' 4022513007 ' , ' Placa de compresion y bloqueo humero distal medial de 3.5 mm x 4 x 7 orif. ti ' , ' 00010004 ' ,1,420),
( ' 4022513009 ' , ' Placa de compresion y bloqueo humero distal medial de 3.5 mm x 4 x 9 orif. ti ' , ' 00010004 ' ,1,420),
( ' 4022513011 ' , ' Placa de compresion y bloqueo humero distal medial de 3.5 mm x 4 x 11 orif. ti ' , ' 00010004 ' ,1,420),
( ' 4022515003 ' , ' Placa de compresion y bloqueo olecranal  de 3.5 mm x 3 x 3 orif. ti ' , ' 00010004 ' ,1,420),
( ' 4022515007 ' , ' Placa de compresion y bloqueo olecranal de 3.5 mm x 3 x 7 orif. ti ' , ' 00010004 ' ,1,420),
( ' 4022520003 ' , ' Placa de compresion y bloqueo metafisiaria de 3.5/4.5 mm 5 x 3 orif. ti ' , ' 00010004 ' ,2,420),
( ' 4022520004 ' , ' Placa de compresion y bloqueo metafisiaria de 3.5/4.5 mm 5 x 4 orif. ti ' , ' 00010004 ' ,1,420),
( ' 4022520005 ' , ' Placa de compresion y bloqueo metafisiaria de 3.5/4.5 mm 5 x 5 orif. ti ' , ' 00010004 ' ,1,420),
( ' 4022520006 ' , ' Placa de compresion y bloqueo metafisiaria de 3.5/4.5 mm 5 x 6 orif. ti ' , ' 00010004 ' ,1,420),
( ' 4022520007 ' , ' Placa de compresion y bloqueo metafisiaria de 3.5/4.5 mm 5 x 7 orif. ti ' , ' 00010004 ' ,2,420),
( ' 4022520008 ' , ' Placa de compresion y bloqueo metafisiaria de 3.5/4.5 mm 5 x 8 orif. ti ' , ' 00010004 ' ,3,420),
( ' 4022520009 ' , ' Placa de compresion y bloqueo metafisiaria de 3.5/4.5 mm 5 x 9 orif. ti ' , ' 00010004 ' ,2,420),
( ' 4022520011 ' , ' Placa de compresion y bloqueo metafisiaria de 3.5/4.5 mm 5 x 11 orif. ti ' , ' 00010004 ' ,3,420),
( ' 4022520013 ' , ' Placa de compresion y bloqueo metafisiaria de 3.5/4.5 mm 5 x 13 orif. ti ' , ' 00010004 ' ,2,420),
( ' 4022520015 ' , ' Placa de compresion y bloqueo metafisiaria de 3.5/4.5 mm 5 x 15 orif. ti ' , ' 00010004 ' ,1,420),
( ' 4022521004 ' , ' Placa de compresion y bloqueo estrecha de 4.5 mm x 4 orif. ti ' , ' 00010004 ' ,4,420),
( ' 4022521005 ' , ' Placa de compresion y bloqueo estrecha de 4.5 mm x 5 orif. ti ' , ' 00010004 ' ,1,420),
( ' 4022521006 ' , ' Placa de compresion y bloqueo estrecha de 4.5 mm x 6 orif. ti ' , ' 00010004 ' ,1,420),
( ' 4022521007 ' , ' Placa de compresion y bloqueo estrecha de 4.5 mm x 7 orif. ti ' , ' 00010004 ' ,1,420),
( ' 4022521008 ' , ' Placa de compresion y bloqueo estrecha de 4.5 mm x 8 orif. ti ' , ' 00010004 ' ,4,420),
( ' 4022521009 ' , ' Placa de compresion y bloqueo estrecha de 4.5 mm x 9 orif. ti ' , ' 00010004 ' ,1,420),
( ' 4022521010 ' , ' Placa de compresion y bloqueo estrecha de 4.5 mm x 10 orif. ti ' , ' 00010004 ' ,1,420),
( ' 4022521011 ' , ' Placa de compresion y bloqueo estrecha de 4.5 mm x 11 orif. ti ' , ' 00010004 ' ,2,420),
( ' 4022521012 ' , ' Placa de compresion y bloqueo estrecha de 4.5 mm x 12 orif. ti ' , ' 00010004 ' ,1,420),
( ' 4022521013 ' , ' Placa de compresion y bloqueo estrecha de 4.5 mm x 13 orif. ti ' , ' 00010004 ' ,2,420),
( ' 4022521014 ' , ' Placa de compresion y bloqueo estrecha de 4.5 mm x 14 orif. ti ' , ' 00010004 ' ,1,420),
( ' 4022521016 ' , ' Placa de compresion y bloqueo estrecha de 4.5 mm x 16 orif. ti ' , ' 02020002 ' ,7,420),
( ' 4022522006 ' , ' Placa de compresion y bloqueo ancha de 4.5 mm x 6 orif. ti ' , ' 02020002 ' ,15,420),
( ' 4022522007 ' , ' Placa de compresion y bloqueo ancha de 4.5 mm x 7 orif. ti ' , ' 02020002 ' ,18,420),
( ' 4022522008 ' , ' Placa de compresion y bloqueo ancha de 4.5 mm x 8 orif. ti ' , ' 02020002 ' ,6,420),
( ' 4022522010 ' , ' Placa de compresion y bloqueo ancha de 4.5 mm x 10 orif. ti ' , ' 99999911 ' ,29,420),
( ' 4022522012 ' , ' Placa de compresion y bloqueo ancha de 4.5 mm x 12 orif. ti ' , ' 02020002 ' ,18,420),
( ' 4022522014 ' , ' Placa de compresion y bloqueo ancha de 4.5 mm x 14 orif. ti ' , ' 02020003 ' ,3,420),
( ' 4022522016 ' , ' Placa de compresion y bloqueo ancha de 4.5 mm x 16 orif. ti ' , ' 02020003 ' ,2,420),
( ' 4022522018 ' , ' Placa de compresion y bloqueo ancha de 4.5 mm x 18 orif. ti ' , ' 02020003 ' ,11,420),
( ' 4022524003 ' , ' Placa de compresion y bloqueo en T de 4.5 mm x 3 orif. Ti ' , ' 02020003 ' ,1,420),
( ' 4022524004 ' , ' Placa de compresion y bloqueo en T de 4.5 mm x 4 orif. Ti ' , ' 02020003 ' ,5,420),
( ' 4022524005 ' , ' Placa de compresion y bloqueo en T de 4.5 mm x 5 orif. Ti ' , ' 02020003 ' ,3,420),
( ' 4022524007 ' , ' Placa de compresion y bloqueo en T de 4.5 mm x 7 orif. Ti ' , ' 02020003 ' ,10,420),
( ' 4022524008 ' , ' Placa de compresion y bloqueo en T de 4.5 mm x 8 orif. ti ' , ' 02020003 ' ,2,420),
( ' 4022525103 ' , ' Placa de compresion y bloqueo en L der. de 4.5 mm x 3 orif. Ti ' , ' 02020003 ' ,3,420),
( ' 4022525104 ' , ' Placa de compresion y bloqueo en L der. de 4.5 mm x 4 orif. Ti ' , ' 02020003 ' ,1,420),
( ' 4022525105 ' , ' Placa de compresion y bloqueo en L der. de 4.5 mm x 5 orif. Ti ' , ' 02020004 ' ,4,420),
( ' 4022525106 ' , ' Placa de compresion y bloqueo en L der. de 4.5 mm x 6 orif. Ti ' , ' 99999911 ' ,5,420),
( ' 4022526105 ' , ' Placa de compresion y bloqueo de tibia proximal lateral de 4.5 mm x 5 orif. der. Ti ' , ' 02020004 ' ,1,420),
( ' 4022526107 ' , ' Placa de compresion y bloqueo de tibia proximal lateral de 4.5 mm x 7 orif. der. Ti ' , ' 02020004 ' ,5,420),
( ' 4022526109 ' , ' Placa de compresion y bloqueo de tibia proximal lateral de 4.5 mm x 9 orif. der. ti ' , ' 02020004 ' ,1,420),
( ' 4022526111 ' , ' Placa de compresion y bloqueo de tibia proximal lateral de 4.5 mm x 11 orif. der. ti ' , ' 02020004 ' ,2,420),
( ' 4022526113 ' , ' Placa de compresion y bloqueo de tibia proximal lateral de 4.5 mm x 13 orif. der ' , ' 02020005 ' ,2,420),
( ' 4022526205 ' , ' Placa de compresion y bloqueo de tibia proximal lateral de 4.5 mm x 5 orif. izq. Ti ' , ' 02020005 ' ,48,420),
( ' 4022526207 ' , ' Placa de compresion y bloqueo de tibia proximal lateral de 4.5 mm x 7 orif. izq. ti ' , ' 99999926 ' ,40,420),
( ' 4022526209 ' , ' Placa de compresion y bloqueo de tibia proximal lateral de 4.5 mm x 9 orif. izq. ti ' , ' 99999926 ' ,46,420),
( ' 4022526211 ' , ' Placa de compresion y bloqueo de tibia proximal lateral de 4.5 mm x 11 orif. izq. ti ' , ' 02020005 ' ,2,420),
( ' 4022526213 ' , ' Placa de compresion y bloqueo de tibia proximal lateral de 4.5 mm x 13 orif. izq ' , ' 02020005 ' ,12,420),
( ' 4022528106 ' , ' Placa de compresion y bloqueo de tibia distal medial con orificio maleolar de 3.5 mm x 6 orif. der. ti ' , ' 02020005 ' ,8,420),
( ' 4022528108 ' , ' Placa de compresion y bloqueo de tibia distal medial con orificio maleolar de 3.5 mm x 8 orif. der. ti ' , ' 02020005 ' ,5,420),
( ' 4022528110 ' , ' Placa de compresion y bloqueo de tibia distal medial con orificio maleolar de 3.5 mm x 10 orif. der. ti ' , ' 02020005 ' ,4,420),
( ' 4022528112 ' , ' Placa de compresion y bloqueo de tibia distal medial con orificio maleolar de 3.5 mm x 12 orif. der. ti ' , ' 02020005 ' ,4,420),
( ' 4022528114 ' , ' Placa de compresion y bloqueo de tibia distal medial con orificio maleolar de 3.5 mm x 14 orif. der. ti ' , ' 02020006 ' ,2,420),
( ' 4022528206 ' , ' Placa de compresion y bloqueo de tibia distal medial con orificio maleolar de 3.5 mm x 6 orif. izq. ti ' , ' 02020006 ' ,1,420),
( ' 4022528208 ' , ' Placa de compresion y bloqueo de tibia distal medial con orificio maleolar de 3.5 mm x 8 orif. izq. ti ' , ' 02020006 ' ,2,420),
( ' 4022528210 ' , ' Placa de compresion y bloqueo de tibia distal medial con orificio maleolar de 3.5 mm x 10 orif. izq. ti ' , ' 02020006 ' ,7,420),
( ' 4022528212 ' , ' Placa de compresion y bloqueo de tibia distal medial con orificio maleolar de 3.5 mm x 12 orif. izq. ti ' , ' 02020007 ' ,5,420),
( ' 4022528214 ' , ' Placa de compresion y bloqueo de tibia distal medial con orificio maleolar de 3.5 mm x 14 orif. izq. ti ' , ' 02020007 ' ,28,420),
( ' 4022531105 ' , ' Placa de compresion y bloqueo de femur proximal lateral der. de 4.5 mm x 5 x 5 orif. ti ' , ' 99999937 ' ,32,420),
( ' 4022531107 ' , ' Placa de compresion y bloqueo de femur proximal lateral der. de 4.5 mm x 5 x 7 orif. ti ' , ' 02020007 ' ,17,420),
( ' 4022531205 ' , ' Placa de compresion y bloqueo de femur proximal lateral izq. de 4.5 mm x 5 x 5 orif. ti ' , ' 02020007 ' ,3,420),
( ' 4022531207 ' , ' Placa de compresion y bloqueo de femur proximal lateral izq. de 4.5 mm x 5 x 7 orif. ti ' , ' 02020007 ' ,3,420),
( ' 4022531209 ' , ' Placa de compresion y bloqueo de femur proximal lateral izq. de 4.5 mm x 5 x 9 orif. ti ' , ' 02020007 ' ,1,420);

insert into producto (codigo_producto,nombre_producto,lote_producto,cantidad,id_categoria)
values
( ' 4010727150 ' , ' Pin roscado de 2.5 mm sistema fijador externo pequeño ti ac ' , ' 0495-0 ' ,71,425),
( ' 4010739080 ' , ' Schanz autoperforante PTD D2.5 mm  L80 mm R20 mm ac ' , ' 210201161 ' ,17,425),
( ' 4010740065 ' , ' Schanz autoperforante PTD D3.0 mm  L65 mm R20 mm ac ' , ' 10090520 ' ,73,425),
( ' 4010740080 ' , ' Schanz autoperforante PTD D3.0 mm  L80 mm R20 mm ac ' , ' 170064009 ' ,6,425),
( ' 4010741100 ' , ' Schanz autoperforante PTD D4.0 mm  L100 mm R32 mm ac ' , ' 0542-15 ' ,59,425),
( ' 4010741125 ' , ' Schanz autoperforante PTD D4.0 mm  L125 mm R40 mm ac ' , ' 10948515 ' ,12,425),
( ' 4010741150 ' , ' Schanz autoperforante PTD D4.0 mm  L150 mm R40 mm ac ' , ' 11255263 ' ,34,425),
( ' 4010742125 ' , ' Schanz autoperforante PTD D5.0 mm  L125 mm R40 mm ac ' , ' 11376033 ' ,76,425),
( ' 4010742150 ' , ' Schanz autoperforante PTD D5.0 mm  L150 mm R60 mm ac ' , ' 11636403 ' ,1,425),
( ' 4010743150 ' , ' Schanz autoperforante PTR D4.0 mm  L150 mm R40 mm ac ' , ' 11447375 ' ,10,425),
( ' 4010744125 ' , ' Schanz autoperforante PTR D5.0 mm  L125 mm R40 mm ac ' , ' 11636405 ' ,24,425),
( ' 4022110 ' , ' Rotula Diafisiaria BK ' , ' 11636406 ' ,9,425),
( ' 4022210 ' , ' Rotula en T BK ' , ' 180094432 ' ,19,425),
( ' 4022400 ' , ' Barra Telescopica Corta BK ' , ' 2002106004 ' ,9,425),
( ' 402240010 ' , ' Barra Telescopica Larga BK ' , ' 130630450 ' ,12,425),
( ' 402530000 ' , ' Fijador para dedo pequeño de 3.6mm Dyna Extor ' , ' 170073851 ' ,4,425),
( ' 402531006 ' , ' Fijador para dedo grande de 6.0mm Dyna Extor ' , ' S1212 ' ,1,425),
( ' 402540000 ' , ' Fijador para dedo pequeño de 3.0mm Dyna Extor ' , ' S1303 ' ,1,425),
( ' 40319201506 ' , ' Clavo de Schanz 2.0mm rosca 15 x 60mm ' , ' S1405 ' ,5,425),
( ' 40319201510 ' , ' Clavo de Schanz 2.0mm rosca 15 x 100mm ' , ' S1212 ' ,19,425),
( ' 40319231506 ' , ' Clavo de Schanz de 2.3mm rosca 15 x 60mm ' , ' S1405 ' ,6,425),
( ' 40521110 ' , ' Rotula combinada de 11 mm ti ' , ' S1609 ' ,357,425),
( ' 40521130 ' , ' Rotula tubo a tubo de 11 mm ti ' , ' S1608 ' ,590,425),
( ' 40521310 ' , ' Rotula tubo a tubo de 8 mm ti ' , ' S1308 ' ,26,425),
( ' 40521320 ' , ' Rotula porta schanz de 8 mm ti ' , ' S2109 ' ,94,425),
( ' 40521330 ' , ' Rotula combinada de 8 mm ti ' , ' S2011 ' ,31,425),
( ' 40521340 ' , ' Barra conectora de 8 mm x 120 mm fc ' , ' S2112 ' ,10,425),
( ' 40521350 ' , ' Barra conectora de 8 mm x 160 mm fc ' , ' 11574950 ' ,11,425),
( ' 40521360 ' , ' Barra conectora de 8 mm x 200 mm fc ' , ' 11744279 ' ,12,425),
( ' 40521370 ' , ' Barra conectora de 8 mm x 220 mm fc ' , ' 11744276 ' ,8,425),
( ' 40521380 ' , ' Barra conectora de 8 mm x 240 mm fc ' , ' 11744280 ' ,6,425),
( ' 40521390 ' , ' Barra conectora de 8 mm x 280 mm fc ' , ' 11744278 ' ,15,425),
( ' 40521400 ' , ' Barra conectora de 8 mm x 320 mm fc ' , ' 11744277 ' ,17,425),
( ' 40521410 ' , ' Barra conectora de 8 mm x 360 mm fc ' , ' 11678956 ' ,16,425),
( ' 40521420 ' , ' Barra conectora de 8 mm x 400 mm fc ' , ' 11703790 ' ,42,425),
( ' 40521510 ' , ' Rotula porta schanz de 4 mm ti ' , ' 11684101 ' ,42,425),
( ' 40521520 ' , ' Rotula tubo a tubo de 4 mm ti ' , ' 11709842 ' ,16,425),
( ' 40521530 ' , ' Rotula combinada de 4 mm ti ' , ' 11695038 ' ,9,425),
( ' 40521540 ' , ' Barra conectora de 4 mm x 60 mm fc ' , ' 11684102 ' ,29,425),
( ' 40521550 ' , ' Barra conectora de 4 mm x 80 mm fc ' , ' 11741921 ' ,13,425),
( ' 40521560 ' , ' Barra conectora de 4 mm x 100 mm fc ' , ' 11671489 ' ,19,425),
( ' 40521570 ' , ' Barra conectora de 4 mm x 120 mm fc ' , ' 11668963 ' ,20,425),
( ' 40521580 ' , ' Barra conectora de 4 mm x 140 mm fc ' , ' 11354106 ' ,20,425),
( ' 40521590 ' , ' Barra conectora de 4 mm x 160 mm fc ' , ' 11244480 ' ,13,425),
( ' 40521600 ' , ' Barra conectora de 4 mm x 180 mm fc ' , ' 11723800 ' ,16,425),
( ' 40521610 ' , ' Barra conectora de 4 mm x 200 mm fc ' , ' 11723802 ' ,13,425),
( ' 40521720 ' , ' Rotula porta pin de 1.6 mm ac ' , ' 10911356 ' ,12,425),
( ' 40521730 ' , ' Rotula conectora de 3 mm ac ' , ' 10903860 ' ,1,425),
( ' 40521740 ' , ' Barra conectora angulada de 3 mm x 25 mm SS ' , ' 10903859 ' ,8,425),
( ' 40521750 ' , ' Barra conectora de 3 mm x 25 mm fc ' , ' 10903861 ' ,16,425),
( ' 40521760 ' , ' Barra conectora de 3 mm x 45 mm fc ' , ' 10897624 ' ,5,425),
( ' 40521770 ' , ' Barra conectora de 3 mm x 60 mm fc ' , ' 11532579 ' ,16,425),
( ' 40521780 ' , ' Barra conectora de 3 mm x 75 mm fc ' , ' 11532576 ' ,5,425),
( ' 40701001 ' , ' Rotula porta Schanz de 8mm ac ' , ' 11091999 ' ,36,425),
( ' 407010010 ' , ' Rotula porta Schanz de 11mm ac ' , ' 190150676 ' ,189,425),
( ' 40701005 ' , ' Rotula tubo a tubo abierta de 8mm ac ' , ' 10932884 ' ,68,425),
( ' 40701011 ' , ' Rotula combinada de 11 mm ac ' , ' 11356362 ' ,73,425),
( ' 40921153 ' , ' Barra conectora de 150 mm LH ac ' , ' 190137119 ' ,57,425),
( ' 40921154 ' , ' Barra conectora de 100 mm LH ac ' , ' 170090135 ' ,26,425),
( ' 40921155 ' , ' Barra conectora de 200 mm LH ac ' , ' 170090137 ' ,38,425),
( ' 40921156 ' , ' Barra conectora de 250 mm LH ac ' , ' 130800472 ' ,57,425),
( ' 40921157 ' , ' Barra conectora de 300 mm LH ac ' , ' 131000202 ' ,49,425),
( ' 40921158 ' , ' Barra conectora de 350 mm LH ac ' , ' 215006882 ' ,33,425),
( ' 40921159 ' , ' Barra conectora de 400 mm LH ac ' , ' 130800482 ' ,49,425),
( ' 4098412000 ' , ' Tuercas de compresion y distraccion para mini fijador ' , ' 131100092 ' ,2,425),
( ' 4250825080 ' , ' Schanz Autoperforante Spear  D2.5 mm  L80 mm  R30 mm ac ' , ' 12020922 ' ,16,425),
( ' 4250830100 ' , ' Schanz Autoperforante Spear  D3.0 mm  L100 mm  R35 mm ac ' , ' 11120032 ' ,9,425),
( ' 4250845160 ' , ' Schanz Autoperforante Spear  D4.5 mm  L160 mm  R50 mm ac ' , ' 12080312 ' ,5,425),
( ' 4262626274 ' , ' Rotula tubo a tubo de 11mm ac ' , ' 170090138 ' ,31,425),
( ' 4350400000 ' , ' Fijador externo lineal  de tibia MDT da ' , ' 200167080 ' ,2,425),
( ' 4350500000 ' , ' Fijador externo lineal de Humero MDT ' , ' 200167223 ' ,2,425),
( ' 4350600000 ' , ' Fijador externo lineal  de muñeca MDT da ' , ' 200175727 ' ,5,425),
( ' 4362727299 ' , ' Clavo tipo Schanz D3.0 mm L120 mm R20 mm ac ' , ' 11007046 ' ,3,425),
( ' 4362727302 ' , ' Clavo tipo Schanz D4.5 mm L170 mm R16 mm ac ' , ' 200165292 ' ,88,425),
( ' 4362727303 ' , ' Clavo tipo Schanz D4.5 mm L200 mm R16 mm ac ' , ' 10120522 ' ,23,425),
( ' 4362727304 ' , ' Clavo tipo Schanz D5.0 mm L170 mm R16 mm ac ' , ' 10090452 ' ,38,425),
( ' 4362727305 ' , ' Clavo tipo Schanz D5.0 mm L200 mm R16 mm ac ' , ' 10100192 ' ,13,425),
( ' 4362727306 ' , ' Clavo tipo Schanz D6.0 mm L170 mm R16 mm ac ' , ' 10100202 ' ,30,425),
( ' 4362727307 ' , ' Clavo tipo Schanz D6.0 mm L200 mm R26 mm ac ' , ' 10100202 ' ,47,425),
( ' 4362727309 ' , ' Clavo tipo Schanz D4.5 mm L150 mm R32 mm ac ' , ' 10120532 ' ,224,425),
( ' 4362727311 ' , ' Clavo tipo Schanz D4.5 mm L200 mm R32 mm ac ' , ' 10100212 ' ,28,425),
( ' 4362727318 ' , ' Clavo tipo Schanz D5.0 mm L200 mm R36 mm ac ' , ' 11092001 ' ,3,425),
( ' 4362727323 ' , ' Clavo tipo Schanz D5.0 mm L170 mm R36 mm ac ' , ' 10100222 ' ,8,425),
( ' 4362727326 ' , ' Clavo tipo Schanz D4.5 mm L150 mm R36 mm ac ' , ' 10120552 ' ,126,425),
( ' 4362727327 ' , ' Clavo tipo Schanz D4.5 mm L170 mm R40 mm ac ' , ' 10090492 ' ,204,425),
( ' 4362727329 ' , ' Clavo tipo Schanz D4.5 mm L200 mm R40 mm ac ' , ' 170078859 ' ,138,425),
( ' 4362727330 ' , ' Clavo tipo Schanz D4.5 mm L200 mm R36 mm ac ' , ' 10090502 ' ,86,425),
( ' 4362727334 ' , ' Clavo tipo Schanz D5.0 mm L180 mm R32 mm ac ' , ' 10120572 ' ,1,425),
( ' 4362727338 ' , ' Clavo tipo Schanz D4.0 mm L170 mm R40 mm ac ' , ' 190146313 ' ,25,425),
( ' 4362727344 ' , ' Clavo tipo Schanz D5.0 mm L130 mm R40 mm ac ' , ' 190146312 ' ,5,425),
( ' 4362727345 ' , ' Clavo tipo Schanz D5.0 mm L160 mm R40 mm ac ' , ' 10090512 ' ,21,425),
( ' 4362727347 ' , ' Clavo tipo Schanz D4.0 mm L200 mm R40 mm ac ' , ' 170078863 ' ,14,425),
( ' 4362727348 ' , ' Clavo tipo Schanz D4.0 mm L200 mm R32 mm ac ' , ' 10120582 ' ,23,425),
( ' 4362727350 ' , ' Clavo tipo Schanz D4.0 mm L170 mm R32 mm ac ' , ' 10120582 ' ,37,425),
( ' 4362727352 ' , ' Clavo tipo Schanz D6.0 mm L180 mm R30 mm ac ' , ' 10120592 ' ,1,425),
( ' 4362727354 ' , ' Clavo tipo Schanz D5.0 mm L200 mm R50 mm ac ' , ' 190146314 ' ,16,425),
( ' 4362727359 ' , ' Clavo tipo Schanz D4.5 mm L150 mm R40 mm ac ' , ' 200162028 ' ,100,425),
( ' 5010010012 ' , ' Barra suplementaria de 6.0 mm x 150 mm radiolucida ' , ' 210190161 ' ,23,425),
( ' 5010010013 ' , ' Barra suplementaria de 6.0 mm x 300 mm radiolucida ' , ' 11120109 ' ,115,425),
( ' 50100100131 ' , ' Barra suplementaria de 6.0 mm x 300 mm ac ' , ' 11061882 ' ,58,425),
( ' 5010010014 ' , ' Clamp tubo a tubo ' , ' 190154889 ' ,94,425),
( ' 50100100141 ' , ' Clamp Delta ' , ' 11060622 ' ,82,425),
( ' 5010010015 ' , ' Poste de 50 mm ac ' , ' 11061892 ' ,35,425),
( ' 5010010016 ' , ' Poste de 100 mm ac ' , ' 190154890 ' ,61,425),
( ' 5010010017 ' , ' Poste de 150 mm ac ' , ' 10897632 ' ,29,425),
( ' 5010024003 ' , ' Pin de kirschner de 2.0 mm x 400 mm sin oliva ac ' , ' 11062671 ' ,95,425),
( ' 5010024004 ' , ' Pin de kirschner de 2.0 mm x 450 mm sin oliva ac ' , ' 10897633 ' ,102,425),
( ' 5010024005 ' , ' Pin de kirschner 2.0 mm x 350 mm sin oliva ac ' , ' 01086-5 ' ,1,425),
( ' 5010024011 ' , ' Pin de Kirschner con oliva lateral 2.0 mm x 350 mm ac ' , ' 0962-7 ' ,407,425),
( ' 5010024012 ' , ' Pin de Kirschner con oliva lateral 2.0 mm x 400 mm ac ' , ' 01081-12 ' ,165,425),
( ' 5010024020 ' , ' Pin de Kirschner con oliva central 1.8 mm x 400 mm ac ' , ' 01011-5 ' ,96,425),
( ' 5010025010 ' , ' Pin de Kirschner con oliva Central 2.0 mm x 400 mm ac ' , ' 01011-5. ' ,189,425),
( ' 5010025011 ' , ' Pin de Kirschner con oliva Central 2.0 mm x 450 mm ac ' , ' 01052-9 ' ,10,425),
( ' 5010102 ' , ' Schanz Conico   D6.0mm   L150mm    R50mm   DR6.0-5.0mm ' , ' 01051-12 ' ,23,425),
( ' 5010103 ' , ' Schanz Conico   D6.0mm   L180mm    R50mm   DR6.0-5.0mm ' , ' 01086-4 ' ,14,425),
( ' 5010103022 ' , ' Mini Riel De Alargamiento Largo ' , ' 01081-14 ' ,15,425),
( ' 5010103032 ' , ' Mini Riel De Alargamiento Estándar ' , ' 01055-4 ' ,9,425),
( ' 5010103042 ' , ' Mini Riel De Alargamiento Corto ' , ' 01008-13. ' ,18,425),
( ' 5010103050 ' , ' Mini Riel Articulado De Eje  Vertical ' , ' 01085-12 ' ,9,425),
( ' 5010103060 ' , ' Mini Riel Articulado De Eje  Horizontal ' , ' 11/04/1900 ' ,15,425),
( ' 5010105031 ' , ' Fijador de codo pequeño ' , ' 31/03/1900 ' ,8,425),
( ' 5010105301 ' , ' Fijador penning dinamico de muñeca ' , ' 20/03/1925 ' ,1,425),
( ' 5010105303 ' , ' Fijador penning dinamico para fracturas extra articulares ' , ' 30/03/1900 ' ,10,425),
( ' 5010105307 ' , ' Fijador para muñeca radiolucido - Kit esteril ' , ' 1/05/1900 ' ,179,425),
( ' 5010105309 ' , ' Fijador de radio distal BT ' , ' 20/03/1900 ' ,2,425),
( ' 5010106090 ' , ' Fijador pertrocanterico Linhofix ' , ' 30/03/1900 ' ,1,425),
( ' 5010106225 ' , ' Riel radiolucido de transporte 200mm fc ' , ' 20/03/1925 ' ,2,425),
( ' 5010106227 ' , ' Riel radiolucido de transporte 300mm fc ' , ' 01085-13 ' ,2,425),
( ' 5010106229 ' , ' Riel radiolucido de transporte 400mm fc ' , ' 1/05/1900 ' ,7,425),
( ' 5010106230 ' , ' Cabezal recto radiolucido de transporte fc ' , ' 01085-15 ' ,49,425),
( ' 5010112 ' , ' Schanz Conico   D6.0mm   L180mm    R60mm   DR6.0-5.0mm ' , ' 01052-5 ' ,16,425),
( ' 5010114 ' , ' Schanz Conico   D6.0mm   L130mm    R40mm   DR6.0-5.0mm ' , ' 01037-7 ' ,24,425),
( ' 5010115 ' , ' Schanz Conico   D6.0mm   L200mm    R50mm   DR6.0-5.0mm ' , ' 0947-13 ' ,16,425),
( ' 5010116 ' , ' Schanz Conico   D6.0mm   L200mm    R60mm   DR6.0-5.0mm ' , ' 0818-9 ' ,11,425),
( ' 5010139 ' , ' Schanz Conico   D6.0mm   L130mm    R30mm   DR6.0-5.0mm ' , ' 20/03/1925 ' ,4,425),
( ' 5010141 ' , ' Schanz Conico   D6.0mm   L130mm    R50mm   DR6.0-5.0mm ' , ' 20/03/1925 ' ,25,425),
( ' 5010142 ' , ' Schanz Conico   D6.0mm   L150mm    R30mm   DR6.0-5.0mm ' , ' 0867-12 ' ,4,425),
( ' 5010152A ' , ' Schanz de Hidroxiapatita   D6.0mm   L80mm    R30mm   DR3.5-3.2mm ' , ' 0928-4 ' ,5,425),
( ' 5010153006 ' , ' Fijador Articulado, Mini Riel, Multiplanar ' , ' 01052-6 ' ,8,425),
( ' 5010173000 ' , ' Schanz autoperforante D6.0mm L220mm R50mm ac ' , ' 01086-1 ' ,2,425),
( ' 5010201 ' , ' Schanz Conico   D6.0mm   L180mm    R30mm   DR6.0-5.0mm ' , ' 090-102 ' ,63,425),
( ' 5010202 ' , ' Schanz Conico   D6.0mm   L180mm    R40mm   DR6.0-5.0mm ' , ' 01086-2 ' ,14,425),
( ' 5010204 ' , ' Schanz Conico   D6.0mm   L220mm    R70mm   DR6.0-5.0mm ' , ' 01052-7 ' ,27,425),
( ' 5010205 ' , ' Schanz Conico   D6.0mm   L220mm    R80mm   DR6.0-5.0mm ' , ' 0818-11 ' ,30,425),
( ' 5010206080 ' , ' Cuerpo de fijador articulado HTO FR Linhofix ' , ' 0818-12 ' ,16,425),
( ' 5010306010 ' , ' Fijador Articulado metafisiario largo radiolucido - Kit esteril ' , ' 0928-6 ' ,2,425),
( ' 5010306011 ' , ' Fijador Articulado metafisiario corto radiolucido - Kit esteril ' , ' 0947-14 ' ,6,425),
( ' 5010306020 ' , ' Fijador articulado Hibrido largo radiolucido - Kit esteril ' , ' 01052-8 ' ,21,425),
( ' 5010306021 ' , ' Fijador articulado Hibrido corto radiolucido - Kit esteril ' , ' 01052-8 ' ,14,425),
( ' 5010306030 ' , ' Fijador articulado de Tobillo largo radiolucido - Kit esteril ' , ' 01086-3 ' ,19,425),
( ' 5010306031 ' , ' Fijador articulado de Tobillo corto radiolucido - Kit esteril ' , ' 01037-10 ' ,34,425),
( ' 5020010005 ' , ' Cabezal radiolucido de tobillo ' , ' 183071007 ' ,5,425),
( ' 5020010009 ' , ' Cabezal en T Multidireccional ' , ' 8698F ' ,9,425),
( ' 5020010010 ' , ' Cabezal angulado ' , ' 1830H ' ,10,425),
( ' 5020010012 ' , ' Cabezal Recto Pediatrico ' , ' 1827H ' ,32,425),
( ' 5020010013 ' , ' Cabezal en T Pediatrico ' , ' 1827H ' ,6,425),
( ' 5020010014 ' , ' Unidad L.R.S con anillo dinamico ' , ' 13613M ' ,15,425),
( ' 5020010020 ' , ' Cuerpo Central Estandar (D.A.F) ' , ' 12716M ' ,7,425),
( ' 5020010030 ' , ' Cuerpo Central Largo (D.A.F) ' , ' 12716M ' ,8,425),
( ' 5020010040 ' , ' Cuerpo central corto (D.A.F) ' , ' 13778M ' ,10,425),
( ' 5020010050 ' , ' Torre distractora estandar (ext de 4cm) ' , ' 20/09/1937 ' ,30,425),
( ' 5020010060 ' , ' Torre distractora larga (ext de 8cm) ' , ' 16/04/2094 ' ,29,425),
( ' 5020010070 ' , ' Torre distractora corta (ext 2.75 cm) ' , ' 07408N ' ,8,425),
( ' 5020010090 ' , ' Cuerpo de fijador pelvico largo ' , ' 01016-14 ' ,1,425),
( ' 5020010101 ' , ' Riel de transporte L.R.S largo (400mm) ' , ' 00940NM ' ,33,425),
( ' 5020010102 ' , ' Riel de transporte L.R.S estandar (300mm) ' , ' 00846NM ' ,38,425),
( ' 5020010103 ' , ' Riel de transporte L.R.S corto (230mm) ' , ' 00958NM ' ,18,425),
( ' 5020010104 ' , ' Riel de transporte L.R.S extra corto (120mm) ' , ' 01138NM ' ,14,425),
( ' 5020010105 ' , ' Cabezal recto externo (L.R.S) ' , ' 995NM ' ,36,425),
( ' 5020010106 ' , ' Cabezal recto central (L.R.S) ' , ' 00995NM ' ,121,425),
( ' 5020010107 ' , ' Cabezal en T de riel ' , ' 00897NM ' ,11,425),
( ' 5020010108 ' , ' Conector de cabezal universal de transporte ' , ' 14/05/1900 ' ,36,425),
( ' 5020010111 ' , ' Cabezal en T de OF Garches ' , ' 1/08/1900 ' ,9,425),
( ' 5020010112 ' , ' Conector de riel doble ' , ' 9/12/1900 ' ,7,425),
( ' 5020010113 ' , ' Cabezal doble ' , ' 11/11/1902 ' ,8,425),
( ' 5020010201 ' , ' Riel de Fijador de Transporte Pediatrico Largo ' , ' 9/12/1900 ' ,2,425),
( ' 5020010202 ' , ' Riel de Fijador de transporte pediatrico Estandar ' , ' 26/12/1900 ' ,6,425),
( ' 5020010207 ' , ' Conector de cabezal universal de transporte (L.R.S Pediatrico) ' , ' 9/01/1901 ' ,5,425),
( ' 5020010209 ' , ' T de Garches (L.R.S Pediatrico) ' , ' 2/11/1900 ' ,6,425),
( ' 5020010210 ' , ' Conector de riel doble (L.R.S Pediatrico) ' , ' 26/12/1900 ' ,5,425),
( ' 5020010211 ' , ' Unidad L.R.S con anillo dinamico (L.R.S Pediatrico) ' , ' 22/04/1999 ' ,4,425),
( ' 5020011050 ' , ' Torre distractora pediatrica corta (ext 2.5 cm) ' , ' 9/12/1900 ' ,48,425),
( ' 5020011051 ' , ' Torre distractora pediatrica (ext 6.2 cm) ' , ' 26/12/1900 ' ,22,425),
( ' 5020020010 ' , ' Torre distractora estandar (ext de 4cm) con unidad de transmision de fuerza. ' , ' 21/11/1902 ' ,2,425),
( ' 5020020020 ' , ' Torre distractora larga (ext de 8cm) con unidad de transmision de fuerza. ' , ' 2/11/1900 ' ,2,425),
( ' 5020030000 ' , ' Cuerpo Central Estandar (D.A.F) Pediatrico ' , ' 2/11/1900 ' ,11,425),
( ' 5020030010 ' , ' Torre distractora estandar (ext de 4cm) sistema Clicker ' , ' 2002102011 ' ,19,425),
( ' 5020030020 ' , ' Torre distractora larga (ext de 8cm)sistema Clicker ' , ' 2002101038 ' ,57,425),
( ' 5020040010 ' , ' Torre distractora estandar (ext de 5.5cm) sistema OF-Garches ' , ' 2002101019 ' ,7,425),
( ' 5020102 ' , ' Schanz Conico   D5.0mm   L150mm    R50mm   DR5.0-4.0mm ' , ' 2002009003 ' ,5,425),
( ' 5020103 ' , ' Schanz Conico   D5.0mm   L180mm    R50mm   DR5.0-4.0mm ' , ' 2/11/1900 ' ,27,425),
( ' 5020115 ' , ' Schanz Conico   D5.0mm   L200mm    R50mm   DR5.0-4.0mm ' , ' 4/10/1900 ' ,6,425),
( ' 5020139 ' , ' Schanz Conico   D5.0mm   L130mm    R30mm   DR5.0-4.0mm ' , ' 2/11/1900 ' ,17,425),
( ' 5020163 ' , ' Schanz Conico   D5.0mm   L100mm    R40mm   DR5.0-4.0mm ' , ' 2/11/1900 ' ,4,425),
( ' 5020165 ' , ' Schanz Conico   D5.0mm   L150mm    R40mm   DR5.0-4.0mm ' , ' 11/02/1901 ' ,13,425),
( ' 5020201 ' , ' Schanz Conico   D5.0mm   L180mm    R30mm   DR5.0-4.0mm ' , ' 2/11/1900 ' ,7,425),
( ' 5020203 ' , ' Schanz Conico   D5.0mm   L200mm    R40mm   DR5.0-4.0mm ' , ' 0419-11 ' ,6,425),
( ' 5035000150 ' , ' Aro de 2/3 x 150 mm ' , ' 2001902022 ' ,43,425),
( ' 5035000175 ' , ' Aro de 2/3 x 175 mm ' , ' 26/04/1900 ' ,41,425),
( ' 5035000190 ' , ' Aro de 2/3 x 190 mm ' , ' 11/02/1901 ' ,59,425),
( ' 5035000220 ' , ' Aro de 2/3 x 220 mm ' , ' 9/01/1901 ' ,24,425),
( ' 5035100150 ' , ' Aro de 1/3 x 150 mm ' , ' 201805069 ' ,3,425),
( ' 5035100175 ' , ' Aro de 1/3 x 175 mm ' , ' 9/01/1901 ' ,3,425),
( ' 5035100190 ' , ' Aro de 1/3 x 190 mm ' , ' 9/01/1901 ' ,6,425),
( ' 5035100220 ' , ' Aro de 1/3 x 220 mm ' , ' 8/01/1901 ' ,9,425),
( ' 5035200150 ' , ' Aro para pie 150 mm ' , ' 26/04/1900 ' ,16,425),
( ' 5035300001 ' , ' Aseguradores de pin de kirschner de 2 orif ' , ' 26/04/1900 ' ,1,425),
( ' 5035300003 ' , ' Acoplamiento hibrido con rotula ' , ' 26/12/1900 ' ,18,425),
( ' 5035300003-1 ' , ' Acoplamiento hibrido con rotula (sobre) ' , ' 10/12/1900 ' ,48,425),
( ' 5035300007 ' , ' Clamp de tornillo único ' , ' 10/12/1900 ' ,48,425),
( ' 5035300008 ' , ' Unidad deslizante para pines de tres agujeros ac ' , ' 0477-6 ' ,270,425),
( ' 5035300010 ' , ' Extension Plate ' , ' 24/05/2258 ' ,9,425),
( ' 5035300013 ' , ' Unidad de reduccion ' , ' 230424054 ' ,14,425),
( ' 5035300014 ' , ' Clamp en T multitornillo ' , ' 230520030 ' ,22,425),
( ' 5040010003 ' , ' Rotula Transversal en T ac ' , ' 230520033 ' ,34,425),
( ' 50400100031 ' , ' Rotula Transversal en T ti ' , ' 320031661 ' ,33,425),
( ' 5040010007 ' , ' Rotula porta schanz de 11 mm ti ' , ' 320100401 ' ,1697,425),
( ' 5061008120 ' , ' Barra de conexión de 8×120mm fibra de carbono ' , ' 320040482 ' ,70,425),
( ' 5061008160 ' , ' Barra de conexión de 8×160mm fibra de carbono ' , ' 31902032 ' ,1,425),
( ' 5061008200 ' , ' Barra de conexión de 8×200mm fibra de carbono ' , ' 31902032 ' ,23,425),
( ' 5061008220 ' , ' Barra de conexión de 8×220mm fibra de carbono ' , ' 200021109 ' ,10,425),
( ' 5061008240 ' , ' Barra de conexión de 8×240mm fibra de carbono ' , ' 319020232 ' ,6,425),
( ' 5061008320 ' , ' Barra de conexión de 8×320mm fibra de carbono ' , ' 319020232 ' ,11,425),
( ' 5061008360 ' , ' Barra de conexión de 8×360mm fibra de carbono ' , ' 230522035 ' ,14,425),
( ' 5063008100 ' , ' Barra de conexión de 11×100mm fibra de carbono ' , ' 319100331 ' ,53,425),
( ' 5063008125 ' , ' Barra de conexión de 11×125mm fibra de carbono ' , ' 319120261 ' ,64,425),
( ' 5063008150 ' , ' Barra de conexión de 11×150mm fibra de carbono ' , ' 318080891 ' ,79,425),
( ' 5063008200 ' , ' Barra de conexión de 11×200mm fibra de carbono ' , ' 230520028 ' ,182,425),
( ' 5063008250 ' , ' Barra de conexión de 11×250mm fibra de carbono ' , ' 318060532 ' ,232,425),
( ' 5063008300 ' , ' Barra de conexión de 11×300mm fibra de carbono ' , ' 319100341 ' ,464,425),
( ' 5063008350 ' , ' Barra de conexión de 11×350mm fibra de carbono ' , ' 221800104 ' ,388,425),
( ' 5063008400 ' , ' Barra de conexión de 11×400mm fibra de carbono ' , ' 220030481 ' ,256,425),
( ' 5070451200 ' , ' Schanz Conico D5.0mm L200 mm R60mm - DR5.0-4.0 mm ' , ' 315127591 ' ,14,425),
( ' 50790070024 ' , ' Bucha hexagonal de 60mm ' , ' 220321501 ' ,37,425),
( ' 50790070025 ' , ' Bucha hexagonal de 40mm ' , ' 14/05/2203 ' ,24,425),
( ' 50790070026 ' , ' Bucha hexagonal de 20mm ' , ' 24/05/2258 ' ,27,425),
( ' 50790070029 ' , ' Barra roscada doble torcion de 6x70mm ' , ' 314120062 ' ,16,425),
( ' 50790070030 ' , ' Barra roscada doble torcion de 6x130mm ' , ' 314120062 ' ,6,425),
( ' 50790070031 ' , ' Banderin cuadrado hembra de 4H ' , ' 314120062 ' ,19,425),
( ' 50790070032 ' , ' Banderin cuadrado hembra de 5H ' , ' 24/05/2258 ' ,22,425),
( ' 50790070033 ' , ' Banderin cuadrado hembra de 3H ' , ' 24/05/2258 ' ,33,425),
( ' 50790070034 ' , ' Banderin cuadrado hembra de 2H ' , ' 318010661 ' ,15,425),
( ' 50790070035 ' , ' Banderin cuadrado macho de 4H ' , ' 320050391 ' ,27,425),
( ' 50790070036 ' , ' Banderin cuadrado macho de 5H ' , ' 221800119 ' ,24,425),
( ' 50790070037 ' , ' Banderin cuadrado macho de 3H ' , ' 319030281 ' ,38,425),
( ' 50790070038 ' , ' Banderin cuadrado macho de 2H ' , ' 22/03/2285 ' ,49,425),
( ' 50790070039 ' , ' Extensor corto de 10Hx134mm ' , ' 22/03/2285 ' ,8,425),
( ' 50790070040 ' , ' Extensor corto de 6Hx86mm ' , ' 10/12/1900 ' ,4,425),
( ' 50790070041 ' , ' Extensor corto de 5Hx74mm ' , ' 28/12/2201 ' ,8,425),
( ' 50790070042 ' , ' Extensor corto de 4Hx62mm ' , ' 160560179 ' ,5,425),
( ' 50790070043 ' , ' Extensor corto de 3Hx50mm ' , ' 24/05/2258 ' ,9,425),
( ' 50790070044 ' , ' Extensor corto de 2Hx38mm ' , ' 314120062 ' ,18,425),
( ' 50790070046 ' , ' Extensor en L de 2Hx38mm ' , ' 22/03/2285 ' ,13,425),
( ' 50790070047 ' , ' Extensor en L de 3Hx50mm ' , ' 21/05/2203 ' ,11,425),
( ' 50790070048 ' , ' Extensor en L de 4Hx62mm ' , ' 183071052 ' ,14,425),
( ' 50790070049 ' , ' Extensor en L de 5Hx74mm ' , ' 319100072 ' ,14,425),
( ' 50790070050 ' , ' Extensor en L de 6Hx86mm ' , ' 231403057 ' ,10,425),
( ' 50790070051 ' , ' Extensor en L de 7Hx98mm ' , ' 230522036 ' ,24,425),
( ' 50790070052 ' , ' Extensor en L de 8Hx110mm ' , ' 221800076 ' ,14,425),
( ' 50790070053 ' , ' Extensor en L de 9Hx122mm ' , ' 319060152 ' ,22,425),
( ' 50790070054 ' , ' Extensor en L de 10Hx134mm ' , ' 183071055 ' ,42,425),
( ' 50790070055 ' , ' Extensor en L de 11Hx146mm ' , ' 319120022 ' ,20,425),
( ' 50790070056 ' , ' Extensor en L de 12Hx158mm ' , ' 323040692 ' ,19,425),
( ' 50790070057 ' , ' Extensor en L de 13Hx170mm ' , ' 221800074 ' ,15,425),
( ' 50790070058 ' , ' Banderin de torcion de 1+1Hx46mm ' , ' 211511048 ' ,19,425),
( ' 50790070059 ' , ' Banderin de torcion de 1+2Hx58mm ' , ' 183071057 ' ,9,425),
( ' 50790070060 ' , ' Banderin de torcion de 2+2Hx67mm ' , ' 183071059 ' ,18,425),
( ' 50790070061 ' , ' Banderin de torcion de 3+3Hx88mm ' , ' 181160108 ' ,14,425),
( ' 50790070062 ' , ' Banderin plano hembra de 1H ' , ' 221800075 ' ,40,425),
( ' 50790070063 ' , ' Banderin plano hembra de 2H ' , ' 323010142 ' ,34,425),
( ' 50790070064 ' , ' Banderin plano hembra de 3H ' , ' 323010142 ' ,28,425),
( ' 50790070065 ' , ' Banderin plano hembra de 4H ' , ' 323010142 ' ,20,425),
( ' 50790070066 ' , ' Banderin plano hembra de 5H ' , ' 171571020 ' ,13,425),
( ' 50790070067 ' , ' Banderin plano macho de 1H ' , ' 24/05/2258 ' ,19,425),
( ' 50790070068 ' , ' Banderin plano macho de 2H ' , ' 160560128 ' ,31,425),
( ' 50790070069 ' , ' Banderin plano macho de 3H ' , ' 160560129 ' ,38,425),
( ' 50790070071 ' , ' Banderin plano macho de 4H ' , ' 183071015 ' ,23,425),
( ' 50790070072 ' , ' Banderin plano macho de 5H ' , ' 172691001 ' ,21,425),
( ' 50790070078 ' , ' Banderin plano macho con soporte de 1H ' , ' 22/03/2285 ' ,14,425),
( ' 50790070079 ' , ' Banderin plano macho con soporte de 2H ' , ' 23/06/2256 ' ,24,425),
( ' 50790070080 ' , ' Banderin plano macho con soporte de 3H ' , ' 10/12/1900 ' ,28,425),
( ' 50790070081 ' , ' Banderin plano macho con soporte de 4H ' , ' 10/12/1900 ' ,18,425),
( ' 50790070082 ' , ' Banderin plano macho con soporte de 5H ' , ' 22/03/2285 ' ,13,425),
( ' 50790070083 ' , ' Bisagra de 20x20mm ' , ' 22/03/2285 ' ,16,425),
( ' 50790070084 ' , ' Bisagra con agujero 40 mm ' , ' 7/10/1902 ' ,4,425),
( ' 50790070085 ' , ' Bisagra de punta roscada de 10x30 mm ' , ' 11/12/1900 ' ,13,425),
( ' 5079007008604 ' , ' Tuercas Ilizarov ' , ' 11/12/1900 ' ,149,425),
( ' 50790070096 ' , ' Barra roscada de 1/4 x 250 mm ac ' , ' 11/12/1900 ' ,7,425),
( ' 50790070097 ' , ' Barra roscada de 1/4 x 300 mm ac ' , ' 10/12/1900 ' ,120,425),
( ' 50790070098 ' , ' Barra roscada de 1/4 x 350 mm ac ' , ' 22/03/2285 ' ,62,425),
( ' 50790070099 ' , ' Barra roscada de 1/4 x 400 mm ac ' , ' 22/03/2285 ' ,117,425),
( ' 50790070102 ' , ' Barra roscada fenestrada de 6x100mm ' , ' 22/03/2285 ' ,10,425),
( ' 50790070111 ' , ' Aro femoral de 240×21H (120ª) ' , ' 10/12/1900 ' ,15,425),
( ' 50790070112 ' , ' Aro femoral G240x16 orif 90° ' , ' 22/03/2285 ' ,12,425),
( ' 50790070131 ' , ' Bisagra universal de 16×16mm ' , ' 183071110 ' ,18,425),
( ' 50790070132 ' , ' Rotula Bi Axial ' , ' 211512095 ' ,4,425),
( ' 50790070133 ' , ' Bisagra macho/hembra de 20×20mm ' , ' 210181032 ' ,27,425),
( ' 50790070134 ' , ' Distractor lineal Tambor largo de 6x40mm ' , ' 2001901002 ' ,10,425),
( ' 50790070136 ' , ' Distractor lineal Tambor largo de 6x80mm ' , ' 10/12/1900 ' ,15,425),
( ' 50790070137 ' , ' Distractor lineal Tambor largo de 6x100mm ' , ' 10/12/1900 ' ,16,425),
( ' 50790070138 ' , ' Distractor lineal Tambor largo de 6x120mm ' , ' 6/01/1901 ' ,10,425),
( ' 50790070139 ' , ' Alargador angular con bisagra de 20*90mm ' , ' 22/03/2285 ' ,13,425),
( ' 50790070140 ' , ' Tuerca de doble conexion de 14x16mm ' , ' 2001902019 ' ,26,425),
( ' 50790070141 ' , ' Porta pin excentrico de 6x20mm ' , ' 10/12/1900 ' ,36,425),
( ' 50790070142 ' , ' Porta pin excentrico de 6x16mm ' , ' 26/09/1900 ' ,86,425),
( ' 50790070142-1 ' , ' Porta-pin Universal ' , ' 11/12/1900 ' ,125,425),
( ' 50790070143 ' , ' Porta pin excentrico de 6x12mm ' , ' 26/09/1900 ' ,90,425),
( ' 50790070144 ' , ' Bulon excentrico de 6x15mm, V3/4 ' , ' 11/12/1900 ' ,39,425),
( ' 50790070145 ' , ' Bulon excentrico de 6x15mm, V5/6 ' , ' 22/03/2285 ' ,33,425),
( ' 50790070146 ' , ' Tornillo de conexión de 6×12mm ' , ' 202261011 ' ,76,425),
( ' 50790070147 ' , ' Tornillo de conexión de 6×16mm ' , ' 211512107 ' ,64,425),
( ' 50790070148 ' , ' Tornillo de conexión de 6×20mm ' , ' 130902. ' ,62,425),
( ' 50790070153 ' , ' Arandela fenestrada 12x5.0 mm ' , ' 110802. ' ,57,425),
( ' 50790070154 ' , ' Resorte 8x50 mm ' , ' 130902. ' ,7,425),
( ' 50790070155 ' , ' Bisagra Poliaxial ' , ' 140701. ' ,25,425),
( ' 50790070165 ' , ' Bisagra Ajustable ' , ' 202261016 ' ,18,425),
( ' 50790070166 ' , ' Tuerca con tope ' , ' 200681110 ' ,15,425),
( ' 50790070167 ' , ' Canula de proteccion 8x50mm ' , ' 202261015 ' ,8,425),
( ' 50790070168 ' , ' Torre distractora angular ' , ' 221800073 ' ,9,425),
( ' 50790070169 ' , ' Unidad de compresion y distraccion calibrada (Azul) ' , ' 221800073 ' ,19,425),
( ' 50790070170 ' , ' Clamp deslizante para schanz ' , ' 130902. ' ,10,425),
( ' 50790070172 ' , ' Distractor lineal Tambor Corto de 6x100mm ' , ' 140701. ' ,4,425),
( ' 50790070173 ' , ' Distractor lineal Tambor Corto de 6x150mm ' , ' 202261014 ' ,18,425),
( ' 50790150001 ' , ' Tornillo de conexión de 6 x 5,5 mm L12,5mm ' , ' 211512094 ' ,5,425),
( ' 50790170001 ' , ' Aro completo de 60x20H ' , ' 211512094 ' ,10,425),
( ' 50790170002 ' , ' Aro completo de 80x24H ' , ' 211512093 ' ,9,425),
( ' 50790170003 ' , ' Aro completo de 100x28H ' , ' 220322058 ' ,8,425),
( ' 50790170004 ' , ' Aro completo de 120x32H ' , ' 202261013 ' ,43,425),
( ' 50790170005 ' , ' Aro completo de 140x36H ' , ' 181164002 ' ,28,425),
( ' 50790170006 ' , ' Aro completo de 160x40H ' , ' 319020672 ' ,120,425),
( ' 50790170007 ' , ' Aro completo de 180x44H ' , ' 24/05/2258 ' ,35,425),
( ' 50790170008 ' , ' Aro completo de 200x48H ' , ' 211512090 ' ,34,425),
( ' 50790170009 ' , ' Aro completo de 220×52H ' , ' 220322078 ' ,43,425),
( ' 50790170019 ' , ' Aro en U de 80x19H ' , ' 211512116 ' ,4,425),
( ' 50790170020 ' , ' Aro en U de 100x21H ' , ' 180220134 ' ,4,425),
( ' 50790170021 ' , ' Aro en U de 120x23H ' , ' 181160107 ' ,9,425),
( ' 50790170022 ' , ' Aro en U de 140x25H ' , ' 319060302 ' ,15,425),
( ' 50790170023 ' , ' Aro en U de 160x27H ' , ' 221800070 ' ,9,425),
( ' 50790170104 ' , ' Aro en C 5/8 de 100x15H ' , ' 211512102 ' ,14,425),
( ' 50790170105 ' , ' Aro en C 5/8 de 120x21H ' , ' 181160112 ' ,15,425),
( ' 50790170106 ' , ' Aro en C 5/8 de 140x25H ' , ' 183071065 ' ,12,425),
( ' 50790170107 ' , ' Aro en C 5/8 de 160x31H ' , ' 318060612 ' ,30,425),
( ' 50790170108 ' , ' Aro en C 5/8 de 180x35H ' , ' 318060602 ' ,25,425),
( ' 50790170109 ' , ' Aro en C 5/8 de 200x41H ' , ' 181160005 ' ,15,425),
( ' 50790170110 ' , ' Aro en C 5/8 de 220x33H ' , ' 321090372 ' ,18,425),
( ' 50790170121 ' , ' Soporte Conector Oblicuo 8xH50 ' , ' 323010222 ' ,11,425),
( ' 50790170122 ' , ' Soporte Conector Oblicuo 8xH80 ' , ' 321040132 ' ,7,425),
( ' 50790170123 ' , ' Soporte Conector Oblicuo 8xH100 ' , ' 321020152 ' ,21,425),
( ' 50790170128 ' , ' Aro de soporte de 28H ' , ' 24/05/2258 ' ,3,425),
( ' 50790170130 ' , ' Aro de soporte de 36H ' , ' 320070061 ' ,4,425),
( ' 50790170162 ' , ' Extensor largo de 15Hx208mm ' , ' 321090671 ' ,10,425),
( ' 50790170163 ' , ' Extensor largo de 20Hx272mm ' , ' 321090681 ' ,14,425),
( ' 50790170164 ' , ' Extensor largo de 25Hx336mm ' , ' 321070371 ' ,16,425),
( ' 50790170174 ' , ' Aro de 1/2 de 60x11H ' , ' 318120061 ' ,4,425),
( ' 50790170175 ' , ' Aro de 1/2 de 80x13H ' , ' 183071021 ' ,4,425),
( ' 50790170176 ' , ' Aro de 1/2 de 100x15H ' , ' 321090322 ' ,8,425),
( ' 50790170177 ' , ' Aro de 1/2 de 120x17H ' , ' 322100082 ' ,29,425),
( ' 50790170178 ' , ' Aro de 1/2 de 140x19H ' , ' 323030472 ' ,25,425),
( ' 50790170179 ' , ' Aro de 1/2 de 160x21H ' , ' 211512089 ' ,10,425),
( ' 50790170180 ' , ' Aro de 1/2 de 180x23H ' , ' 323010502 ' ,30,425),
( ' 50790170181 ' , ' Aro de 1/2 de 200x25H ' , ' 230424043 ' ,44,425),
( ' 50790170182 ' , ' Aro de 1/2 de 220x27H ' , ' 319030642 ' ,17,425),
( ' 50960106162 ' , ' Torre distractora estandar sistema OF-Garches Pediatrica ' , ' 202261010 ' ,14,425),
( ' 50960106163 ' , ' Cabezal en T de Riel pediatrico ' , ' 221800113 ' ,5,425),
( ' 50960106260 ' , ' Tope de torre de distracción ' , ' 317070151 ' ,40,425),
( ' 50960106280 ' , ' Cabezal recto para fijador de codo ' , ' 24/05/2258 ' ,20,425),
( ' 50960200221 ' , ' Aro para pie Orion 140-160 mm ' , ' 24/05/2258 ' ,19,425),
( ' 50960200222 ' , ' Aro para pie Orion 180-200 mm ' , ' 319060192 ' ,24,425),
( ' 50960200271 ' , ' Riel de transporte L.R.S medio (350mm) ' , ' 319060182 ' ,11,425),
( ' 50960200313 ' , ' Fijador Pediatrico de cadera ' , ' 221800072 ' ,11,425),
( ' 50960200412 ' , ' Especiador pediátrico A ' , ' 202261020 ' ,24,425),
( ' 50960200413 ' , ' Especiador pediátrico B ' , ' 24/05/2258 ' ,24,425),
( ' 50960200414 ' , ' Especiador pediátrico C ' , ' 192591104 ' ,21,425),
( ' 50960200415 ' , ' Placa de Conexión 6H ' , ' 22/03/2285 ' ,14,425),
( ' 50960200416 ' , ' Placa de Conexión 5H ' , ' 22/03/2285 ' ,7,425),
( ' 50960200417 ' , ' Placa de Conexión 4H ' , ' 317083112 ' ,8,425),
( ' 50960200419 ' , ' Placa de Conexión 2H ' , ' 318033022 ' ,5,425),
( ' 5098104000 ' , ' Cabezal en T Para Minifijador Articulado ' , ' 322090422 ' ,19,425),
( ' 5098300000 ' , ' Schanz autoperforante D3.0mm L40mm R15mm ac ' , ' 322080092 ' ,49,425),
( ' 5098301000 ' , ' Schanz autoperforante D3.0mm L45mm R15mm ac ' , ' 322020062 ' ,46,425),
( ' 5098402000 ' , ' Barra penning articulada corta ' , ' 10/12/1900 ' ,24,425),
( ' 5098403000 ' , ' Barra penning articulada standard ' , ' 10/12/1900 ' ,16,425),
( ' 5098404000 ' , ' Barra penning articulada larga ' , ' 10/12/1900 ' ,15,425),
( ' 5098410000 ' , ' Cabezal en L  der e izq para minifijador ' , ' 7/01/1901 ' ,1,425),
( ' 5098411000 ' , ' Cabezal estandar para minifijador ' , ' 7/01/1901 ' ,42,425),
( ' 5098412000 ' , ' Tuercas de compresion y distraccion para mini fijador ' , ' 10/12/1900 ' ,160,425),
( ' 5098415000 ' , ' Barra penning de alargamiento corta de 80 mm con espaciador ' , ' 10/12/1900 ' ,13,425),
( ' 5098416000 ' , ' Barra penning de alargamiento media de 10 mm con espaciador ' , ' 6/01/1901 ' ,11,425),
( ' 5098417000 ' , ' Barra penning de alargamiento larga de 120 mm con espaciador ' , ' 9/12/1900 ' ,11,425),
( ' 5098418000 ' , ' Espaciador mini fijador ' , ' 8/07/1905 ' ,16,425),
( ' 5098420000 ' , ' Pin roscado rosca 15 de 1.6 mm x 70 mm ac ' , ' 6/01/1901 ' ,28,425),
( ' 5098426000 ' , ' Pin roscado rosca 15 de 2.0 mm x 100 mm ac ' , ' 7/01/1901 ' ,29,425),
( ' 509965100 ' , ' Schanz de hidroxiapatita D4.0 mm  L70 mm  R20 mm ' , ' 10/12/1900 ' ,4,425),
( ' 509965101 ' , ' Schanz de hidroxiapatita D4.0 mm  L80 mm  R35 mm ' , ' 10/12/1900 ' ,5,425),
( ' 7351000000 ' , ' Fijador externo tipo colles MDT ac/da NUEVO ' , ' 27/08/1900 ' ,1,425),
( ' 7707030467812 ' , ' ESTABILIZADOR PARA PIE SM ' , ' 318062241 ' ,6,425),
( ' 7707030467829 ' , ' ESTABILIZADOR PARA PIE LXL ' , ' 230520023 ' ,5,425),
( ' 7707304031459 ' , ' //FUNDA PARA FIJADOR EXTERNO PEQUEÑA// ' , ' 230520024 ' ,34,425),
( ' 7707304031466 ' , ' //FUNDA PARA FIJADOR EXTERNO MEDIANA// ' , ' 321040341 ' ,26,425),
( ' 7707304031473 ' , ' //FUNDA PARA FIJADOR EXTERNO GRANDE// ' , ' 321040341 ' ,20,425),
( ' ECO104021 ' , ' Eco-Schanz de hidroxiapatita D4.0mm L70mm R20mm ' , ' 230520029 ' ,1,425),
( ' ECO116013 ' , ' Eco-Schanz de hidroxiapatita D6.0mm L130mm R20mm ' , ' 230520025 ' ,9,425),
( ' ECO116022 ' , ' Eco-Schanz de hidroxiapatita D6.0mm L220mm R40mm ' , ' 321040361 ' ,2,425),
( ' ECO116026 ' , ' Eco-Schanz de hidroxiapatita D6.0mm L260mm R60mm ' , ' 321010091 ' ,16,425),
( ' ECO116040 ' , ' Eco-Schanz de hidroxiapatita D6.0mm L300mm R40mm ' , ' 315125961 ' ,1,425),
( ' ECO116060 ' , ' Eco-Schanz de hidroxiapatita D6.0mm L300mm R60mm ' , ' 160560014 ' ,4,425),
( ' ECO125023 ' , ' Eco-Schanz de hidroxiapatita D5.0mm L130mm R20mm DR4.0-3.5mm ' , ' 315125951 ' ,4,425),
( ' ECO125082 ' , ' Eco-Schanz de hidroxiapatita D5.0mm L200mm R50mm ' , ' 314120062 ' ,3,425),
( ' ECO146019 ' , ' Eco-Schanz de hidroxiapatita D6.0mm L200mm R40mm ' , ' 320050361 ' ,9,425),
( ' ECO146020 ' , ' Eco-Schanz de hidroxiapatita D6.0mm L200mm R50mm ' , ' 319100361 ' ,1,425),
( ' ECO615021 ' , ' Eco-Schanz de hidroxiapatita D5.0mm L130mm R20mm DR5.0-4.0mm ' , ' 24/05/2258 ' ,23,425),
( ' ECO616031 ' , ' Eco-Schanz de hidroxiapatita D6.0mm L120mm R30mm DR4.5-3.5mm ' , ' 321120202 ' ,6,425),
( ' ECO616080 ' , ' Eco-Schanz de hidroxiapatita D6.0mm L150mm R80mm DR6.0-5.0mm ' , ' 221800112 ' ,6,425),
( ' ECO616081 ' , ' Eco-Schanz de hidroxiapatita D6.0mm L180mm R80mm DR6.0-5.0mm ' , ' 323040022 ' ,4,425),
( ' IQ6420 ' , ' Stoppers para Pines FE ' , ' 230520036 ' ,73,425),
( ' IQ6421 ' , ' Stoppers para schanz FE ' , ' 230520034 ' ,164,425),
( ' ME7707030412546 ' , ' Tornillo porta schanz de 6.0 mm ac ' , ' 230424010 ' ,99,425),
( ' ME7707030412584 ' , ' Schanz rosca central D5.0mm L270mm R40mm ' , ' 319060422 ' ,110,425),
( ' ME7707030412591 ' , ' Schanz rosca central D5.0mm L270mm R30mm ' , ' 323030222 ' ,19,425),
( ' ME770703041432 ' , ' Tuerca Alargamiento Oseo M6x1 ' , ' 322090142 ' ,105,425),
( ' ME7707030415837 ' , ' Cabezal de artrodiastasis ' , ' 318060992 ' ,2,425),
( ' ME7707030416650 ' , ' Barra roscada de 1/4 ×100 mm ac ' , ' 14/05/2203 ' ,30,425),
( ' ME7707030416735 ' , ' Barra roscada de 60 mm ' , ' 22/03/2285 ' ,15,425),
( ' ME7707030416742 ' , ' Barra roscada de 80 mm ' , ' 318063032 ' ,9,425),
( ' ME7707030416766 ' , ' Barra roscada de 120 mm ' , ' 220321054 ' ,25,425),
( ' ME7707030417640 ' , ' Tuerca de alargamiento con extension 10 mm ' , ' 221800100 ' ,37,425),
( ' ME7707030417732 ' , ' Tuercas de ilizarov de 6 mm ' , ' 221800117 ' ,1182,425),
( ' ME7707030418470 ' , ' Schanz rosca central D5.0mm L300mm R40mm ' , ' 202261055 ' ,13,425),
( ' ME7707030418487 ' , ' Schanz rosca central D5.0mm L300mm R50mm ' , ' 231403063 ' ,13,425),
( ' ME7707030418760 ' , ' Schanz conico D6.0mm L130mm R30mm - DR6.0-5.0mm ' , ' 323040592 ' ,22,425),
( ' ME7707030418838 ' , ' Schanz conico D6.0mm L180mm R30mm - DR6.0-5.0mm ' , ' 323040592 ' ,8,425),
( ' ME7707030418852 ' , ' Schanz conico D6.0mm L180mm R50mm - DR6.0-5.0mm ' , ' 323040592 ' ,7,425),
( ' ME7707030418869 ' , ' Schanz conico D6.0mm L180mm R60mm - DR6.0-5.0mm ' , ' 181160182 ' ,4,425),
( ' ME770703041892 ' , ' Schanz autoperforante PTD D3.0mm L120mm R20mm ' , ' 183071026 ' ,6,425),
( ' ME7707030418937 ' , ' Barra roscada de 160 mm ' , ' 319041191 ' ,61,425),
( ' ME7707030420787 ' , ' Schanz autoperforante PTD D6.0mm L150mm R50mm ' , ' 182201048 ' ,11,425),
( ' ME7707030420794 ' , ' Schanz autoperforante PTD D6.0mm L220mm R50mm ' , ' 181160183 ' ,25,425),
( ' ME7707030423818 ' , ' Tornillo de conexión fenestrado de 6 x 5,5 mm L12,5mm ' , ' 318040471 ' ,24,425),
( ' ME7707030430977 ' , ' Arandela Inox 12.7mm x 1.0mm ' , ' 318060821 ' ,107,425),
( ' ME7707030439550 ' , ' Pin punta trocar de D2.0mm x 450mm ac ' , ' 182201050 ' ,27,425),
( ' ME7707030439758 ' , ' Soportes para aro de pie "par" ' , ' 181160184 ' ,14,425),
( ' ME7707030439840 ' , ' Tuerca de alargamiento con extension 15 mm ' , ' 181160185 ' ,268,425),
( ' ME7707030447210 ' , ' Schanz autoperforante PTD D5.0mm L130mm R40mm ' , ' 182201051 ' ,20,425),
( ' ME7707030452887 ' , ' Pin liso de D2.0 mm x 400 mm ac ' , ' 182201045 ' ,52,425),
( ' ME7707303643028 ' , ' Schanz autoperforante PTD D5.0mm L170mm R32mm ' , ' 181160187 ' ,95,425),
( ' ME7707303643035 ' , ' Schanz autoperforante PTD D5.0mm L150mm R32mm ' , ' 181160188 ' ,98,425),
( ' ME7707303643066 ' , ' Schanz autoperforante PTD D5.0mm L200mm R32mm ' , ' 182201046 ' ,43,425),
( ' ME7707303643073 ' , ' Schanz autoperforante PTD D6.0mm L150mm R32mm ' , ' 230522040 ' ,25,425),
( ' ME7707303643080 ' , ' Schanz autoperforante PTD D6.0mm L170mm R32mm ' , ' 221800111 ' ,68,425),
( ' ME7707303643097 ' , ' Schanz autoperforante PTD D6.0mm L200mm R32mm ' , ' 221800088 ' ,36,425),
( ' ME7707303643103 ' , ' Schanz autoperforante PTD D5.0mm L200mm R36mm ' , ' 230522041 ' ,165,425),
( ' ME7707303643110 ' , ' Schanz autoperforante PTD D5.0mm L150mm R36mm ' , ' 221800089 ' ,204,425),
( ' ME7707303643127 ' , ' Schanz autoperforante PTD D6.0mm L150mm R36mm ' , ' 230522043 ' ,133,425),
( ' ME7707303643134 ' , ' Schanz autoperforante PTD D6.0mm L170mm R36mm ' , ' 230522043 ' ,47,425),
( ' ME7707303643141 ' , ' Schanz autoperforante PTD D6.0mm L200mm R36mm ' , ' 231403058 ' ,32,425),
( ' ME7707303643189 ' , ' Schanz autoperforante PTD D6.0mm L150mm R40mm ' , ' 221800091 ' ,7,425),
( ' ME7707303643196 ' , ' Schanz autoperforante PTD D6.0mm L200mm R60mm ' , ' 221800091 ' ,4,425),
( ' ME7707303643202 ' , ' Schanz autoperforante PTD D6.0mm L200mm R40mm ' , ' 221800118 ' ,37,425),
( ' ME7707303643301 ' , ' Schanz autoperforante PTD D5.0mm L150mm R60mm ' , ' 221800118 ' ,28,425),
( ' ME7707303643318 ' , ' Schanz autoperforante PTD D5.0mm L170mm R36mm ' , ' 221800118 ' ,112,425),
( ' ME7707303643325 ' , ' Schanz autoperforante PTD D5.0mm L170mm R40mm ' , ' 231403059 ' ,31,425),
( ' ME7707303643332 ' , ' Schanz autoperforante PTD D5.0mm L175mm R60mm ' , ' 323010291 ' ,45,425),
( ' ME7707303643349 ' , ' Schanz autoperforante PTD D5.0mm L200mm R40mm ' , ' 231403060 ' ,46,425),
( ' ME7707303643356 ' , ' Schanz autoperforante PTD D5.0mm L200mm R60mm ' , ' 323010301 ' ,44,425),
( ' ME7707303643363 ' , ' Schanz autoperforante PTD D5.0mm L200mm R80mm ' , ' 221800093 ' ,57,425),
( ' ME7707303643455 ' , ' Schanz autoperforante PTD D5.0mm L150mm R26mm ' , ' 323010311 ' ,59,425),
( ' ME7707303643486 ' , ' Schanz autoperforante PTD D5.0mm L180mm R50mm ' , ' 323010311 ' ,10,425),
( ' ME7707303643493 ' , ' Schanz autoperforante PTD D5.0mm L220mm R40mm ' , ' 315090022 ' ,55,425),
( ' ME7707303643509 ' , ' Schanz autoperforante PTD D5.0mm L220mm R50mm ' , ' 318041411 ' ,22,425),
( ' ME7707303643516 ' , ' Schanz autoperforante PTD D6.0mm L170mm R40mm ' , ' 181160057 ' ,8,425),
( ' ME7707303643530 ' , ' Schanz autoperforante PTD D6.0mm L260mm R70mm ' , ' 181160058 ' ,13,425),
( ' ME7707303643783 ' , ' Pin liso de 1.8 x 400mm ac ' , ' 318041421 ' ,3,425),
( ' ME7707304016432 ' , ' Barra roscada de 1/4 x 40 mm ac ' , ' 318041431 ' ,12,425),
( ' ME770730412553 ' , ' Tornillo porta schanz de 5.0 mm ac ' , ' 181160059 ' ,24,425);

insert into producto (codigo_producto,nombre_producto,lote_producto,cantidad,id_categoria)
values
( ' BCX030040D ' , ' Parche de Duramadre de Colageno de 3cm x 4cm ' , ' 22009-1 ' ,1,435),
( ' BCX040070D ' , ' Parche de Duramadre de Colageno de 4cm x 7cm ' , ' 21021-1 ' ,1,435),
( ' BCX070100D ' , ' Parche de Duramadre de Colageno de 7cm x 10cm ' , ' 22024-1 ' ,1,435),
( ' G21800039 ' , ' Cemento oseo radiopaco alta viscosidad para consolidación vertebral 20 gr ' , ' 20220400058 ' ,5,435),
( ' NAB-NSATL20-40 ' , ' SILVER Conector transverso multiaxial de 20x40 mm ' , ' 22010177 ' ,4,435),
( ' NAB-NSATL40-60 ' , ' SILVER Conector transverso multiaxial de 40x60 mm ' , ' 22010178 ' ,4,435),
( ' NAB-NSPA7530 ' , ' SILVER Set tornillo poliaxial + tornillo de seguridad de 7.5x30 mm ' , ' 22010257 ' ,6,435),
( ' NAB-NSPA7535 ' , ' SILVER Set tornillo poliaxial + tornillo de seguridad de 7.5x35 mm ' , ' 22010258 ' ,6,435),
( ' NAB-NSPA7540 ' , ' SILVER Set tornillo poliaxial + tornillo de seguridad de 7.5x40 mm ' , ' 22010259 ' ,8,435),
( ' NAB-NSPA7545 ' , ' SILVER Set tornillo poliaxial + tornillo de seguridad de 7.5x45 mm ' , ' 22010260 ' ,6,435),
( ' NAB-NSR1605 ' , ' SILVER Barra longitudinal de 6.0x50 mm ' , ' 22010192 ' ,2,435),
( ' NAB-NSR1606 ' , ' SILVER Barra longitudinal de 6.0x60 mm ' , ' 22010193 ' ,1,435),
( ' NAB-NSR1607 ' , ' SILVER Barra longitudinal de 6.0x70 mm ' , ' 22010194 ' ,2,435),
( ' NAB-NSR1608 ' , ' SILVER Barra longitudinal de 6.0x80 mm ' , ' 22010195 ' ,2,435),
( ' NAB-NSR1609 ' , ' SILVER Barra longitudinal de 6.0x90 mm ' , ' 22010196 ' ,2,435),
( ' NAB-NSR1610 ' , ' SILVER Barra longitudinal de 6.0x100 mm ' , ' 22010197 ' ,2,435),
( ' NAB-NSR1611 ' , ' SILVER Barra longitudinal de 6.0x110 mm ' , ' 22010198 ' ,2,435),
( ' NAB-NSR1612 ' , ' SILVER Barra longitudinal de 6.0x120 mm ' , ' 22010199 ' ,2,435),
( ' NAB-NSR1613 ' , ' SILVER Barra longitudinal de 6.0x130 mm ' , ' 22010200 ' ,2,435),
( ' NAB-NSR1614 ' , ' SILVER Barra longitudinal de 6.0x140 mm ' , ' 22010201 ' ,2,435),
( ' NAB-NSR1615 ' , ' SILVER Barra longitudinal de 6.0x150 mm ' , ' 22010202 ' ,2,435),
( ' NAB-NSR1617 ' , ' SILVER Barra longitudinal de 6.0x170 mm ' , ' 22010204 ' ,2,435),
( ' NAB-NSR1618 ' , ' SILVER Barra longitudinal de 6.0x180 mm ' , ' 22010205 ' ,2,435),
( ' NAB-NSR1623 ' , ' SILVER Barra longitudinal de 6.0x230 mm ' , ' 22010206 ' ,2,435),
( ' NAB-NSR1626 ' , ' SILVER Barra longitudinal de 6.0x260 mm ' , ' 22010208 ' ,2,435),
( ' NAB-NSR1628 ' , ' SILVER Barra longitudinal de 6.0x280 mm ' , ' 22010209 ' ,4,435),
( ' NAB-NSR1630 ' , ' SILVER Barra longitudinal de 6.0x300 mm ' , ' 22010210 ' ,2,435),
( ' NAB-NSR1632 ' , ' SILVER Barra longitudinal de 6.0x320 mm ' , ' 22010211 ' ,4,435),
( ' NAB-NSTL160 ' , ' SILVER Conector transverso de 60 mm ' , ' 21090522 ' ,2,435),
( ' NAB-NSTL170 ' , ' SILVER Conector transverso de 70 mm ' , ' 21090523 ' ,1,435),
( ' NAB-NSTL180 ' , ' SILVER Conector transverso de 80 mm ' , ' 21060227 ' ,2,435),
( ' NNBC2407 ' , ' TWISTY TLIF PEEK Cajetin lumbar de fusion intercorporal de 24x10x7 mm ' , ' 22030905 ' ,4,435),
( ' NNBC2409 ' , ' TWISTY TLIF PEEK Cajetin lumbar de fusion intercorporal de 24x10x9 mm ' , ' 22030906 ' ,8,435),
( ' NNBC2411 ' , ' TWISTY TLIF PEEK Cajetin lumbar de fusion intercorporal de 24x10x11 mm ' , ' 22050768 ' ,7,435),
( ' NNBC2413 ' , ' TWISTY TLIF PEEK Cajetin lumbar de fusion intercorporal de 24x10x13 mm ' , ' 22031233 ' ,5,435),
( ' NNBC2807 ' , ' TWISTY TLIF PEEK Cajetin lumbar de fusion intercorporal de 28x10x7 mm ' , ' 22031354 ' ,7,435),
( ' NNBC2809 ' , ' TWISTY TLIF PEEK Cajetin lumbar de fusion intercorporal de 28x10x9 mm ' , ' 22031355 ' ,7,435),
( ' NNBC2811 ' , ' TWISTY TLIF PEEK Cajetin lumbar de fusion intercorporal de 28x10x11 mm ' , ' 22031234 ' ,7,435),
( ' NNBC2813 ' , ' TWISTY TLIF PEEK Cajetin lumbar de fusion intercorporal de 28x10x13 mm ' , ' 21060805 ' ,5,435),
( ' NNCAP17 ' , ' CLINK-PRO Placa cervical de 17 mm ' , ' 21060806 ' ,8,435),
( ' NNCAP20 ' , ' CLINK-PRO Placa cervical de 20 mm ' , ' 21070617 ' ,7,435),
( ' NNCAP25 ' , ' CLINK-PRO Placa cervical de 25 mm ' , ' 22030907 ' ,7,435),
( ' NNCAP30 ' , ' CLINK-PRO Placa cervical de 30 mm ' , ' 22030908 ' ,9,435),
( ' NNCAP33 ' , ' CLINK-PRO Placa cervical de 33 mm ' , ' 22010407 ' ,10,435),
( ' NNCAP36 ' , ' CLINK-PRO Placa cervical de 36 mm ' , ' 22060006 ' ,12,435),
( ' NNCAP45 ' , ' CLINK-PRO Placa cervical de 45 mm ' , ' 21040330 ' ,9,435),
( ' NNCAP50 ' , ' CLINK-PRO Placa cervical de 50 mm ' , ' 1710-135 ' ,7,435),
( ' NNCAP60 ' , ' CLINK-PRO Placa cervical de 60 mm ' , ' 21120438 ' ,6,435),
( ' NNCAP70 ' , ' CLINK-PRO Placa cervical de 70 mm ' , ' 21121035 ' ,3,435),
( ' NNCAP80 ' , ' CLINK-PRO Placa cervical de 80 mm ' , ' 1710-136 ' ,1,435),
( ' NNCAP90 ' , ' CLINK-PRO Placa cervical de 90 mm ' , ' 1710-136 ' ,1,435),
( ' NNCAPS12 ' , ' CLINK-PRO Tornillo cervical de 4.0x12 mm ' , ' 22010581 ' ,62,435),
( ' NNCAPS14 ' , ' CLINK-PRO Tornillo cervical de 4.0x14 mm ' , ' 22060009 ' ,84,435),
( ' NNCAPS16 ' , ' CLINK-PRO Tornillo cervical de 4.0x16 mm ' , ' 22090704 ' ,27,435),
( ' NNCAPSR12 ' , ' CLINK-PRO Tornillo cervical de revision de 4.5x12 mm ' , ' 22090705 ' ,26,435),
( ' NNCAPSR14 ' , ' CLINK-PRO Tornillo cervical de revision de 4.5x14 mm ' , ' 23051425 ' ,33,435),
( ' NNCAPSR18 ' , ' CLINK-PRO Tornillo cervical de revision de 4.5x18 mm ' , ' 22050378 ' ,1,435),
( ' NNCLS62025 ' , ' ARMADA Tornillo esponjoso bloqueado de 6.2x25 mm ' , ' 21090840 ' ,9,435),
( ' NNCLS62030 ' , ' ARMADA Tornillo esponjoso bloqueado de 6.2x30 mm ' , ' 22050742 ' ,9,435),
( ' NNCLS62035 ' , ' ARMADA Tornillo esponjoso bloqueado de 6.2x35 mm ' , ' 23051426 ' ,9,435),
( ' NNCLS62040 ' , ' ARMADA Tornillo esponjoso bloqueado de 6.2x40 mm ' , ' 1710-139 ' ,9,435),
( ' NNCPC041216 ' , ' POLAR PEEK Cajetin cervical de 4x12x16 mm ' , ' 22090706 ' ,1,435),
( ' NNCPC041414 ' , ' POLAR PEEK Cajetin cervical de 4x14x14 mm ' , ' 22050743 ' ,10,435),
( ' NNCPC051214 ' , ' POLAR PEEK Cajetin cervical de 5x12x14 mm ' , ' 21040332 ' ,7,435),
( ' NNCPC051216 ' , ' POLAR PEEK Cajetin cervical de 5x12x16 mm ' , ' 21120440 ' ,9,435),
( ' NNCPC051414 ' , ' POLAR PEEK Cajetin cervical de 5x14x14 mm ' , ' 21120441 ' ,7,435),
( ' NNCPC061214 ' , ' POLAR PEEK Cajetin cervical de 6x12x14 mm ' , ' 22060025 ' ,7,435),
( ' NNCPC061216 ' , ' POLAR PEEK Cajetin cervical de 6x12x16 mm ' , ' 22090707 ' ,4,435),
( ' NNCPC061414 ' , ' POLAR PEEK Cajetin cervical de 6x14x14 mm ' , ' 23051427 ' ,3,435),
( ' NNCPC071214 ' , ' POLAR PEEK Cajetin cervical de 7x12x14 mm ' , ' 23051428 ' ,9,435),
( ' NNCPC071216 ' , ' POLAR PEEK Cajetin cervical de 7x12x16 mm ' , ' 23010641 ' ,2,435),
( ' NNCPC071414 ' , ' POLAR PEEK Cajetin cervical de 7x14x14 mm ' , ' 21120442 ' ,2,435),
( ' NNCPC081214 ' , ' POLAR PEEK Cajetin cervical de 8x12x14 mm ' , ' 1710-146 ' ,3,435),
( ' NNCPC081216 ' , ' POLAR PEEK Cajetin cervical de 8x12x16 mm ' , ' 1710-147 ' ,4,435),
( ' NNCPC081414 ' , ' POLAR PEEK Cajetin cervical de 8x14x14 mm ' , ' 23051304 ' ,1,435),
( ' NNCPCB41214 ' , ' POLAR-B PEEK Cajetin cervical con bloqueo de 4x12x14 mm ' , ' 21111319 ' ,2,435),
( ' NNCTC101013 ' , ' VERTELIFT-C Cajetin cervical para corpectomia de 10 mm [10,13] ' , ' 23060175 ' ,4,435),
( ' NNCTC101017 ' , ' VERTELIFT-C Cajetin cervical para corpectomia de 10 mm [10,17] ' , ' 23051305 ' ,7,435),
( ' NNCTC101625 ' , ' VERTELIFT-C Cajetin cervical para corpectomia de 10 mm [16,25] ' , ' 22090708 ' ,9,435),
( ' NNCTC121013 ' , ' VERTELIFT-C Cajetin cervical para corpectomia de 12 mm [10,13] ' , ' 22090984 ' ,2,435),
( ' NNCTC121017 ' , ' VERTELIFT-C Cajetin cervical para corpectomia de 12 mm [10,17] ' , ' 23051306 ' ,6,435),
( ' NNCTC121625 ' , ' VERTELIFT-C Cajetin cervical para corpectomia de 12 mm [16,25] ' , ' 21120141 ' ,16,435),
( ' NNCTC122440 ' , ' VERTELIFT-C Cajetin cervical para corpectomia de 12 mm [24,40] ' , ' 20090191 ' ,8,435),
( ' NNCTC123965 ' , ' VERTELIFT-C Cajetin cervical para corpectomia de 12 mm [39,65] ' , ' 1710-150 ' ,4,435),
( ' NNCTC141013 ' , ' VERTELIFT-C Cajetin cervical para corpectomia de 14 mm [10,13] ' , ' 1710-153 ' ,2,435),
( ' NNCTC141017 ' , ' VERTELIFT-C Cajetin cervical para corpectomia de 14 mm [10,17] ' , ' 21120140 ' ,8,435),
( ' NNCTC141625 ' , ' VERTELIFT-C Cajetin cervical para corpectomia de 14 mm [16,25] ' , ' 21120140 ' ,23,435),
( ' NNCTC142440 ' , ' VERTELIFT-C Cajetin cervical para corpectomia de 14 mm [24,40] ' , ' 23051307 ' ,12,435),
( ' NNCTC143965 ' , ' VERTELIFT-C Cajetin cervical para corpectomia de 14 mm [39,65] ' , ' 22060020 ' ,2,435),
( ' NNCTC161013 ' , ' VERTELIFT-C Cajetin cervical para corpectomia de 16 mm [10,13] ' , ' 21120142 ' ,2,435),
( ' NNCTC161017 ' , ' VERTELIFT-C Cajetín cervical para corpectomía de 16 mm [10,17] ' , ' 21120142 ' ,8,435),
( ' NNCTC161625 ' , ' VERTELIFT-C Cajetin cervical para corpectomia de 16 mm [16,25] ' , ' 21030318 ' ,14,435),
( ' NNCTC162440 ' , ' VERTELIFT-C Cajetin cervical para corpectomia de 16 mm [24,40] ' , ' 1710-157 ' ,7,435),
( ' NNCTC163965 ' , ' VERTELIFT-C Cajetin cervical para corpectomia de 16 mm [39,65] ' , ' 1710-158 ' ,2,435),
( ' NNEPC1008 ' , ' NORM PLIF Cajetin lumbar expandible de fusion intercorporal de 24x8 mm ' , ' 1710-159 ' ,12,435),
( ' NNEPC1010 ' , ' NORM PLIF Cajetin lumbar expandible de fusion intercorporal de 24x10 mm ' , ' 1710-160 ' ,8,435),
( ' NNEPC1012 ' , ' NORM PLIF Cajetin lumbar expandible de fusion intercorporal de 24x12 mm ' , ' 1710-161 ' ,6,435),
( ' NNLPL ' , ' Z-RHYTHM Placa de laminoplastia "L" ' , ' 22030919 ' ,6,435),
( ' NNLPM ' , ' Z-RHYTHM Placa de laminoplastia "M" ' , ' 22030920 ' ,15,435),
( ' NNLPRS5 ' , ' Z-RHYTHM Tornillo de emergencia de 2.4x5 mm ' , ' 22030921 ' ,16,435),
( ' NNLPRS6 ' , ' Z-RHYTHM Tornillo de emergencia de 2.4x6 mm ' , ' 22030922 ' ,30,435),
( ' NNLPRS7 ' , ' Z-RHYTHM Tornillo de emergencia de 2.4x7 mm ' , ' 22030923 ' ,19,435),
( ' NNLPRS8 ' , ' Z-RHYTHM Tornillo de emergencia de 2.4x8 mm ' , ' 21050772 ' ,20,435),
( ' NNLPS ' , ' Z-RHYTHM Placa de laminoplastia "S" ' , ' 22030924 ' ,17,435),
( ' NNLPS5 ' , ' Z-RHYTHM Tornillo de laminoplastia de 2x5 mm ' , ' 22030925 ' ,75,435),
( ' NNLPS6 ' , ' Z-RHYTHM Tornillo de laminoplastia de 2x6 mm ' , ' 22030926 ' ,59,435),
( ' NNLPS7 ' , ' Z-RHYTHM Tornillo de laminoplastia de 2x7 mm ' , ' 22030927 ' ,36,435),
( ' NNLPS8 ' , ' Z-RHYTHM Tornillo de laminoplastia de 2x8 mm ' , ' 22030928 ' ,41,435),
( ' NNLPXL ' , ' Z-RHYTHM Placa de laminoplastia "XL" ' , ' 22030929 ' ,5,435),
( ' NNLPXS ' , ' Z-RHYTHM Placa de laminoplastia "XS" ' , ' 22030930 ' ,30,435),
( ' NNNLP100U ' , ' ARMADA Placa toracolumbar anterior bloqueada estrecha de 100 mm ' , ' 22030931 ' ,12,435),
( ' NNNLP110U ' , ' ARMADA Placa toracolumbar anterior bloqueada estrecha de 110 mm ' , ' 22090709 ' ,5,435),
( ' NNNLP120U ' , ' ARMADA Placa toracolumbar anterior bloqueada estrecha de 120 mm ' , ' 1707-161 ' ,5,435),
( ' NNNLP45U ' , ' ARMADA Placa toracolumbar anterior bloqueada estrecha de 45 mm ' , ' 21120421 ' ,5,435),
( ' NNNLP50U ' , ' ARMADA Placa toracolumbar anterior bloqueada estrecha de 50 mm ' , ' 21050627 ' ,5,435),
( ' NNNLP55U ' , ' ARMADA Placa toracolumbar anterior bloqueada estrecha de 55 mm ' , ' 21050628 ' ,5,435),
( ' NNNLP60U ' , ' ARMADA Placa toracolumbar anterior bloqueada estrecha de 60 mm ' , ' 21120422 ' ,5,435),
( ' NNNLP65U ' , ' ARMADA Placa toracolumbar anterior bloqueada estrecha de 65 mm ' , ' 22061540 ' ,4,435),
( ' NNNLP70U ' , ' ARMADA Placa toracolumbar anterior bloqueada estrecha de 70 mm ' , ' 22050796 ' ,12,435),
( ' NNNLP80U ' , ' ARMADA Placa toracolumbar anterior bloqueada estrecha de 80 mm ' , ' 22050797 ' ,11,435),
( ' NNNLP90U ' , ' ARMADA Placa toracolumbar anterior bloqueada estrecha de 90 mm ' , ' 21120424 ' ,13,435),
( ' NNNLP95U ' , ' ARMADA Placa toracolumbar anterior bloqueada estrecha de 95 mm ' , ' 21120425 ' ,5,435),
( ' NNPCCB3508 ' , ' OXIS Tornillo para placa de 3.5x8 mm ' , ' 22050798 ' ,11,435),
( ' NNPCCB3510 ' , ' OXIS Tornillo para placa de 3.5x10 mm ' , ' 22050799 ' ,20,435),
( ' NNPCCB3512 ' , ' OXIS Tornillo para placa de 3.5x12 mm ' , ' 21100722 ' ,25,435),
( ' NNPCCB3514 ' , ' OXIS Tornillo para placa de 3.5x14 mm ' , ' 22090713 ' ,25,435),
( ' NNPCCB4008 ' , ' OXIS Tornillo para placa de 4.0x8 mm ' , ' 22050800 ' ,4,435),
( ' NNPCCB4010 ' , ' OXIS Tornillo para placa de 4.0x10 mm ' , ' 23051299 ' ,5,435),
( ' NNPCCB4012 ' , ' OXIS Tornillo para placa de 4.0x12 mm ' , ' 22010240 ' ,5,435),
( ' NNPCCB4014 ' , ' OXIS Tornillo para placa de 4.0x14 mm ' , ' 21120428 ' ,5,435),
( ' NNPCCB4016 ' , ' OXIS Tornillo para placa de 4.0x16 mm ' , ' 1217-115 ' ,5,435),
( ' NNPCHFL ' , ' OXIS Placa occipital de 55 mm ' , ' 22100151 ' ,13,435),
( ' NNPCHFM ' , ' OXIS Placa occipital de 50 mm ' , ' 21120429 ' ,12,435),
( ' NNPCHFS ' , ' OXIS Placa occipital de 45 mm ' , ' 21050631 ' ,9,435),
( ' NNPCLC10 ' , ' Conector lateral de 10mm + Tornillo de seguridad ' , ' 22090714 ' ,2,435),
( ' NNPCLC12 ' , ' Conector lateral de 12mm + Tornillo de seguridad ' , ' 22100152 ' ,2,435),
( ' NNPCLH0405 ' , ' OXIS Gancho laminar de 4x5mm ' , ' 23051300 ' ,19,435),
( ' NNPCLH0406 ' , ' OXIS Gancho laminar de 4x6mm ' , ' 22090715 ' ,19,435),
( ' NNPCLH0407 ' , ' OXIS Gancho laminar de 4x7mm ' , ' 22050802 ' ,23,435),
( ' NNPCLH407 ' , ' OXIS Gancho laminar de 4x7 mm ' , ' 21120430 ' ,4,435),
( ' NNPCORA ' , ' OXIS Barra occipital angulada de 45º de 150x70 ' , ' 21120431 ' ,25,435),
( ' NNPCRC3560 ' , ' OXIS Conector domino para barra de 3.5/6.0 + 3 tornillos ' , ' 21050634 ' ,19,435),
( ' NNPCSS3510 ' , ' OXIS Tornillo poliaxial + tornillo de seguridad de 3.5x10 mm ' , ' 21040799 ' ,67,435),
( ' NNPCSS3512 ' , ' OXIS Tornillo poliaxial + tornillo de seguridad de 3.5x12 mm ' , ' 21050635 ' ,52,435),
( ' NNPCSS3514 ' , ' OXIS Tornillo poliaxial + tornillo de seguridad de 3.5x14 mm ' , ' 21040800 ' ,68,435),
( ' NNPCSS3516 ' , ' OXIS Tornillo poliaxial + tornillo de seguridad de 3.5x16 mm ' , ' 21050636 ' ,50,435),
( ' NNPCSS3518 ' , ' OXIS Tornillo poliaxial + tornillo de seguridad de 3.5x18 mm ' , ' 22010241 ' ,42,435),
( ' NNPCSS3520 ' , ' OXIS Tornillo poliaxial + tornillo de seguridad de 3.5x20 mm ' , ' 22050803 ' ,23,435),
( ' NNPCSS3522 ' , ' OXIS Tornillo poliaxial + tornillo de seguridad de 3.5x22 mm ' , ' 22090716 ' ,32,435),
( ' NNPCSS3524 ' , ' OXIS Tornillo poliaxial + tornillo de seguridad de 3.5x24 mm ' , ' 22061541 ' ,19,435),
( ' NNPCSS3526 ' , ' OXIS Tornillo poliaxial + tornillo de seguridad de 3.5x26 mm ' , ' 22061542 ' ,9,435),
( ' NNPCSS3528 ' , ' OXIS Tornillo poliaxial + tornillo de seguridad de 3.5x28 mm ' , ' 21120433 ' ,22,435),
( ' NNPCSS3530 ' , ' OXIS Tornillo poliaxial + tornillo de seguridad de 3.5x30 mm ' , ' 21100454 ' ,21,435),
( ' NNPCSS3532 ' , ' OXIS Tornillo poliaxial + tornillo de seguridad de 3.5x32 mm ' , ' 21120434 ' ,5,435),
( ' NNPCSS4010 ' , ' OXIS Tornillo poliaxial + tornillo de seguridad de 4.0x10 mm ' , ' 21050641 ' ,15,435),
( ' NNPCSS4012 ' , ' OXIS Tornillo poliaxial + tornillo de seguridad de 4.0x12 mm ' , ' 22030939 ' ,28,435),
( ' NNPCSS4014 ' , ' OXIS Tornillo poliaxial + tornillo de seguridad de 4.0x14 mm ' , ' 22030940 ' ,27,435),
( ' NNPCSS4016 ' , ' OXIS Tornillo poliaxial + tornillo de seguridad de 4.0x16 mm ' , ' 20090023 ' ,31,435),
( ' NNPCSS4018 ' , ' OXIS Tornillo poliaxial + tornillo de seguridad de 4.0x18 mm ' , ' 21011159 ' ,20,435),
( ' NNPCSS4020 ' , ' OXIS Tornillo poliaxial + tornillo de seguridad de 4.0x20 mm ' , ' 21050097 ' ,10,435),
( ' NNPCSS4022 ' , ' OXIS Tornillo poliaxial + tornillo de seguridad de 4.0x22 mm ' , ' 20090594 ' ,10,435),
( ' NNPCSS4024 ' , ' OXIS Tornillo poliaxial + tornillo de seguridad de 4.0x24 mm ' , ' 22040254 ' ,11,435),
( ' NNPCSS4026 ' , ' OXIS Tornillo poliaxial + tornillo de seguridad de 4.0x26 mm ' , ' 22011098 ' ,14,435),
( ' NNPCTL40 ' , ' OXIS Barra transversa de 40 mm + 2 ganchos conectores con tope ' , ' 1904-194 ' ,5,435),
( ' NNPCTL50 ' , ' OXIS Barra transversa de 50 mm + 2 ganchos conectores con tope ' , ' 21030488 ' ,2,435),
( ' NNPCTL60 ' , ' OXIS Barra transversa de 60 mm + 2 ganchos conectores con tope ' , ' 20110758 ' ,6,435),
( ' NNPCTL70 ' , ' OXIS Barra transversa de 70 mm + 2 ganchos conectores con tope ' , ' 21030489 ' ,6,435),
( ' NNPCTR12 ' , ' OXIS Barra longitudinal de 3.5x120 mm ' , ' 1904-357 ' ,10,435),
( ' NNPCTR14 ' , ' OXIS Barra longitudinal de 3.5x140 mm ' , ' 20090596 ' ,36,435),
( ' NNPCTR18 ' , ' OXIS Barra longitudinal de 3.5x180 mm ' , ' 1904-358 ' ,34,435),
( ' NNPCTR24 ' , ' OXIS Barra longitudinal de 3.5x240 mm ' , ' 21040660 ' ,28,435),
( ' NNPLH0505 ' , ' Gancho laminar 5x5 mm ' , ' 1702-195 ' ,50,435),
( ' NNPLH0507 ' , ' Gancho laminar 5x7 mm ' , ' 1904-245 ' ,48,435),
( ' NNPLH0509 ' , ' Gancho laminar 5x9 mm ' , ' 21010119 ' ,50,435),
( ' NNPLH0706 ' , ' Gancho laminar 7x6 mm ' , ' 1902-196 ' ,51,435),
( ' NNPLH0707 ' , ' Gancho laminar 7x7 mm ' , ' 21030492 ' ,53,435),
( ' NNSATL2040 ' , ' Conector transverso multiaxial de 20x40 mm (7 piezas) ' , ' 21030493 ' ,13,435),
( ' NNSATL4060 ' , ' Conector transverso multiaxial de 40x60 mm (7 piezas) ' , ' 20120792 ' ,5,435),
( ' NNSECNT01 ' , ' NORM Conector domino para 1 barra + 3 tornillos ' , ' 1904-249 ' ,2,435),
( ' NNSLCNT20 ' , ' NORM Conector de extension lateral de 20 mm + Tornillo de Seguridad ' , ' 1703-350 ' ,2,435),
( ' NNSLP100U ' , ' ARMADA Placa toracolumbar anterior bloqueada recta de 100 mm ' , ' 21010120 ' ,7,435),
( ' NNSLP110U ' , ' ARMADA Placa toracolumbar anterior bloqueada recta de 110 mm ' , ' 20120793 ' ,5,435),
( ' NNSLP120U ' , ' ARMADA Placa toracolumbar anterior bloqueada recta de 120 mm ' , ' 1710-129 ' ,5,435),
( ' NNSLP70U ' , ' ARMADA Placa toracolumbar anterior bloqueada recta de 70 mm ' , ' 21050098 ' ,12,435),
( ' NNSLP80U ' , ' ARMADA Placa toracolumbar anterior bloqueada recta de 80 mm ' , ' 21050094 ' ,14,435),
( ' NNSLP90U ' , ' ARMADA Placa toracolumbar anterior bloqueada recta de 90 mm ' , ' 21050093 ' ,8,435),
( ' NNSLS6020 ' , ' ARMADA Tornillo autobloqueado de 6.0 x20 mm ' , ' 21040846 ' ,15,435),
( ' NNSLS6022 ' , ' ARMADA Tornillo autobloqueado de 6.0 x22 mm ' , ' 21040653 ' ,21,435),
( ' NNSLS6025 ' , ' ARMADA Tornillo autobloqueado de 6.0 x25 mm ' , ' 22061294 ' ,32,435),
( ' NNSLS6030 ' , ' ARMADA Tornillo autobloqueado de 6.0 x30 mm ' , ' 22061296 ' ,19,435),
( ' NNSLS6035 ' , ' ARMADA Tornillo autobloqueado de 6.0 x35 mm ' , ' 1712-223 ' ,26,435),
( ' NNSLS6040 ' , ' ARMADA Tornillo autobloqueado de 6.0 x40 mm ' , ' 21040654 ' ,22,435),
( ' NNSLS6045 ' , ' ARMADA Tornillo autobloqueado de 6.0 x45 mm ' , ' 1712-224 ' ,10,435),
( ' NNSLS6050 ' , ' ARMADA Tornillo autobloqueado de 6.0 x50 mm ' , ' 21040655 ' ,10,435),
( ' NNSLS6055 ' , ' ARMADA Tornillo autobloqueado de 6.0 x55 mm ' , ' 22061298 ' ,10,435),
( ' NNSMA4525 ' , ' NORM Tornillo monoaxial + tornillo de seguridad 4.5x25 mm ' , ' 21120551 ' ,68,435),
( ' NNSMA4530 ' , ' NORM Tornillo monoaxial + tornillo de seguridad 4.5x30 mm ' , ' 1712-226 ' ,68,435),
( ' NNSMA4535 ' , ' NORM Tornillo monoaxial + tornillo de seguridad 4.5x35 mm ' , ' 1710-285 ' ,89,435),
( ' NNSMA4540 ' , ' NORM Tornillo monoaxial + tornillo de seguridad 4.5x40 mm ' , ' 1710-286 ' ,82,435),
( ' NNSMA4545 ' , ' NORM Tornillo monoaxial + tornillo de seguridad 4.5x45 mm ' , ' 21120552 ' ,77,435),
( ' NNSMA5535 ' , ' NORM Tornillo monoaxial + tornillo de seguridad 5.5x35 mm ' , ' 21120553 ' ,63,435),
( ' NNSMA5540 ' , ' NORM Tornillo monoaxial + tornillo de seguridad 5.5x40 mm ' , ' 1710-287 ' ,73,435),
( ' NNSMA5545 ' , ' NORM Tornillo monoaxial + tornillo de seguridad 5.5x45 mm ' , ' 1710-288 ' ,65,435),
( ' NNSMA6535 ' , ' NORM Tornillo monoaxial + tornillo de seguridad 6.5x35 mm ' , ' 21120554 ' ,55,435),
( ' NNSMA6540 ' , ' NORM Tornillo monoaxial + tornillo de seguridad 6.5x40 mm ' , ' 22061300 ' ,71,435),
( ' NNSMA6545 ' , ' NORM Tornillo monoaxial + tornillo de seguridad 6.5x45 mm ' , ' 1712-230 ' ,73,435),
( ' NNSMA7535 ' , ' NORM Tornillo monoaxial + tornillo de seguridad 7.5x35 mm ' , ' 22061302 ' ,12,435),
( ' NNSMA7540 ' , ' NORM Tornillo monoaxial + tornillo de seguridad 7.5x40 mm ' , ' 1710-289 ' ,17,435),
( ' NNSMA7545 ' , ' NORM Tornillo monoaxial + tornillo de seguridad 7.5x45 mm ' , ' 21040656 ' ,16,435),
( ' NNSMRS5535 ' , ' NORM Tornillo monoaxial de listesis +  tornillo de seguridad 5.5x35 mm ' , ' 21040847 ' ,12,435),
( ' NNSMRS5540 ' , ' NORM Tornillo monoaxial de listesis +  tornillo de seguridad 5.5x40 mm ' , ' 22061304 ' ,12,435),
( ' NNSMRS5545 ' , ' NORM Tornillo monoaxial de listesis +  tornillo de seguridad 5.5x45 mm ' , ' 22061306 ' ,11,435),
( ' NNSMRS6535 ' , ' NORM Tornillo monoaxial de listesis +  tornillo de seguridad 6.5x35 mm ' , ' 21040842 ' ,12,435),
( ' NNSMRS6540 ' , ' NORM Tornillo monoaxial de listesis +  tornillo de seguridad 6.5x40 mm ' , ' 21120555 ' ,12,435),
( ' NNSMRS6545 ' , ' NORM Tornillo monoaxial de listesis +  tornillo de seguridad 6.5x45 mm ' , ' 21040658 ' ,14,435),
( ' NNSPA4525 ' , ' NORM Set tornillo poliaxial + tornillo de seguridad de 4.5x25 mm ' , ' 22061308 ' ,67,435),
( ' NNSPA4530 ' , ' NORM Set tornillo poliaxial + tornillo de seguridad de 4.5x30 mm ' , ' 21040659 ' ,52,435),
( ' NNSPA4535 ' , ' NORM Set tornillo poliaxial + tornillo de seguridad de 4.5x35mm ' , ' 21040843 ' ,44,435),
( ' NNSPA4540 ' , ' NORM Set tornillo poliaxial + tornillo de seguridad de 4.5x40 mm ' , ' 21080898 ' ,79,435),
( ' NNSPA4545 ' , ' NORM Set tornillo poliaxial + tornillo de seguridad de 4.5x45 mm ' , ' 20040122 ' ,67,435),
( ' NNSPA5530 ' , ' NORM Set tornillo poliaxial + tornillo de seguridad de 5.5x30 mm ' , ' 21081072 ' ,54,435),
( ' NNSPA5535 ' , ' NORM Set tornillo poliaxial + tornillo de seguridad de 5.5x35 mm ' , ' 22011188 ' ,66,435),
( ' NNSPA5540 ' , ' NORM Set tornillo poliaxial + tornillo de seguridad de 5.5x40 mm ' , ' 21080903 ' ,110,435),
( ' NNSPA5545 ' , ' NORM Set tornillo poliaxial + tornillo de seguridad de 5.5x45 mm ' , ' 21081076 ' ,114,435),
( ' NNSPA5550 ' , ' NORM Set tornillo poliaxial + tornillo de seguridad de 5.5x50 mm ' , ' 21080905 ' ,92,435),
( ' NNSPA6530 ' , ' NORM Set tornillo poliaxial + tornillo de seguridad de 6.5x30 mm ' , ' 21081085 ' ,56,435),
( ' NNSPA6535 ' , ' NORM Set tornillo poliaxial + tornillo de seguridad de 6.5x35 mm ' , ' 21081087 ' ,65,435),
( ' NNSPA6540 ' , ' NORM Set tornillo poliaxial + tornillo de seguridad de 6.5x40 mm ' , ' 21081088 ' ,80,435),
( ' NNSPA6545 ' , ' NORM Set tornillo poliaxial + tornillo de seguridad de 6.5x45 mm ' , ' 22011240 ' ,63,435),
( ' NNSPA6550 ' , ' NORM Set tornillo poliaxial + tornillo de seguridad de 6.5x50 mm ' , ' 21081092 ' ,74,435),
( ' NNSPA7530 ' , ' NORM Set tornillo poliaxial + tornillo de seguridad de 7.5x30 mm ' , ' 22060989 ' ,20,435),
( ' NNSPA7535 ' , ' NORM Set tornillo poliaxial + tornillo de seguridad de 7.5x35 mm ' , ' 1710-033 ' ,20,435),
( ' NNSPA7540 ' , ' NORM Set tornillo poliaxial + tornillo de seguridad de 7.5x40 mm ' , ' 22051244 ' ,20,435),
( ' NNSPA7545 ' , ' NORM Set tornillo poliaxial + tornillo de seguridad de 7.5x45 mm ' , ' 22051243 ' ,20,435),
( ' NNSPR5535 ' , ' NORM Tornillo poliaxial de reduccion + tornillo de seguridad de 5.5x35 mm ' , ' 1710-048 ' ,13,435),
( ' NNSPR5540 ' , ' NORM Tornillo poliaxial de reduccion + tornillo de seguridad de 5.5x40 mm ' , ' 1710-049 ' ,24,435),
( ' NNSPR5545 ' , ' NORM Tornillo poliaxial de reduccion + tornillo de seguridad de 5.5x45 mm ' , ' 1710-050 ' ,19,435),
( ' NNSPR5550 ' , ' NORM Tornillo poliaxial de reduccion + tornillo de seguridad de 5.5x50 mm ' , ' 21040890 ' ,24,435),
( ' NNSPR6535 ' , ' NORM Tornillo poliaxial de reduccion + tornillo de seguridad de 6.5x35 mm ' , ' 21041162 ' ,21,435),
( ' NNSPR6540 ' , ' NORM Tornillo poliaxial de reduccion + tornillo de seguridad de 6.5x40 mm ' , ' 21050642 ' ,27,435),
( ' NNSPR6545 ' , ' NORM Tornillo poliaxial de reduccion + tornillo de seguridad de 6.5x45 mm ' , ' 21041163 ' ,22,435),
( ' NNSPR6550 ' , ' NORM Tornillo poliaxial de reduccion + tornillo de seguridad de 6.5x50 mm ' , ' 21050643 ' ,12,435),
( ' NNSR1604 ' , ' NORM Barra longitudinal de 6.0x40 mm ' , ' 21050643 ' ,17,435),
( ' NNSR1605 ' , ' NORM Barra longitudinal de 6.0x50 mm ' , ' 20110952 ' ,21,435),
( ' NNSR1606 ' , ' NORM Barra longitudinal de 6.0x60 mm ' , ' 22060999 ' ,20,435),
( ' NNSR1607 ' , ' NORM Barra longitudinal de 6.0x70 mm ' , ' 22050749 ' ,23,435),
( ' NNSR1608 ' , ' NORM Barra longitudinal de 6.0x80 mm ' , ' 22090717 ' ,31,435),
( ' NNSR1610 ' , ' NORM Barra longitudinal de 6.0x100 mm ' , ' 21120398 ' ,17,435),
( ' NNSR1612 ' , ' NORM Barra longitudinal de 6.0x120 mm ' , ' 21050188 ' ,7,435),
( ' NNSR1614 ' , ' NORM Barra longitudinal de 6.0x140 mm ' , ' 21120399 ' ,12,435),
( ' NNSR1616 ' , ' NORM Barra longitudinal de 6.0x160 mm ' , ' 21050190 ' ,16,435),
( ' NNSR1618 ' , ' NORM Barra longitudinal de 6.0x180 mm ' , ' 21120400 ' ,10,435),
( ' NNSR1620 ' , ' NORM Barra longitudinal de 6.0x200 mm ' , ' 21050191 ' ,17,435),
( ' NNSR1626 ' , ' NORM Barra longitudinal de 6.0x260 mm ' , ' 21050647 ' ,8,435),
( ' NNSR1628 ' , ' NORM Barra longitudinal de 6.0x280 mm ' , ' 21120401 ' ,12,435),
( ' NNSR1630 ' , ' NORM Barra longitudinal de 6.0x300 mm ' , ' 21050192 ' ,11,435),
( ' NNSR1632 ' , ' NORM Barra longitudinal de 6.0x320 mm ' , ' 21050648 ' ,15,435),
( ' NNSR1636 ' , ' NORM Barra longitudinal de 6.0x360 mm ' , ' 23051429 ' ,15,435),
( ' NNSR1640 ' , ' NORM Barra longitudinal de 6.0x400 mm ' , ' 21050649 ' ,15,435),
( ' NNSR1644 ' , ' NORM Barra longitudinal de 6.0x440 mm ' , ' 21120402 ' ,30,435),
( ' NNSR1654 ' , ' NORM Barra longitudinal de 6.0x540 mm ' , ' 21120403 ' ,30,435),
( ' NNSR1660 ' , ' NORM Barra longitudinal de 6.0x600 mm ' , ' 21050650 ' ,45,435),
( ' NNSTL160 ' , ' NORM Barra transversa de 60 mm + 2 ganchos conectores con tope ' , ' 21120404 ' ,12,435),
( ' NNSTL170 ' , ' NORM Barra transversa de 70 mm + 2 ganchos conectores con tope ' , ' 21050196 ' ,15,435),
( ' NNSTL180 ' , ' NORM Barra transversa de 80 mm + 2 ganchos conectores con tope ' , ' 21120405 ' ,24,435),
( ' NNULS7035 ' , ' ARMADA Tornillo de bloqueo universal de 7.0x35 mm + Arandela + Tuerca ' , ' 21120406 ' ,16,435),
( ' NNULS7040 ' , ' ARMADA Tornillo de bloqueo universal de 7.0x40 mm + Arandela + Tuerca ' , ' 21120406 ' ,10,435),
( ' NNULS7045 ' , ' ARMADA Tornillo de bloqueo universal de 7.0x45 mm + Arandela + Tuerca ' , ' 21050653 ' ,7,435),
( ' NNULS7050 ' , ' ARMADA Tornillo de bloqueo universal de 7.0x50 mm + Arandela + Tuerca ' , ' 23051430 ' ,9,435),
( ' NNULS7055 ' , ' ARMADA Tornillo de bloqueo universal de 7.0x55 mm + Arandela + Tuerca ' , ' 22090718 ' ,9,435),
( ' NNVPCD2407 ' , ' ALLIGATOR PLIF PEEK Cajetin lumbar de fusion intercorporal de 24x07 mm ' , ' 22090719 ' ,8,435),
( ' NNVPCD2408 ' , ' ALLIGATOR PLIF PEEK Cajetin lumbar de fusion intercorporal de 24x08 mm ' , ' 22061754 ' ,8,435),
( ' NNVPCD2409 ' , ' ALLIGATOR PLIF PEEK Cajetin lumbar de fusion intercorporal de 24x09 mm ' , ' 21120407 ' ,8,435),
( ' NNVPCD2410 ' , ' ALLIGATOR PLIF PEEK Cajetin lumbar de fusion intercorporal de 24x10 mm ' , ' 21050198 ' ,7,435),
( ' NNVPCD2411 ' , ' ALLIGATOR PLIF PEEK Cajetin lumbar de fusion intercorporal de 24x11 mm ' , ' 21050654 ' ,7,435),
( ' NNVPCD2412 ' , ' ALLIGATOR PLIF PEEK Cajetin lumbar de fusion intercorporal de 24x12 mm ' , ' 21050655 ' ,6,435),
( ' NNVTCD202534 ' , ' VERTELIFT-T Cajetin toracolumbar para corpectomia de 20 mm [25,34] ' , ' 21120408 ' ,13,435),
( ' NNVTCD203244 ' , ' VERTELIFT-T Cajetin toracolumbar para corpectomia de 20 mm [32,44] ' , ' 21050200 ' ,6,435),
( ' NNVTCD204258 ' , ' VERTELIFT-T Cajetin toracolumbar para corpectomia de 20 mm [42,58] ' , ' 21050201 ' ,8,435),
( ' NNVTCD205684 ' , ' VERTELIFT-T Cajetin toracolumbar para corpectomia de 20 mm [56,84] ' , ' 21050657 ' ,9,435),
( ' NNVTCD242329 ' , ' VERTELIFT-T Cajetin toracolumbar para corpectomia de 24 mm [23,29] ' , ' 21050202 ' ,15,435),
( ' NNVTCD242840 ' , ' VERTELIFT-T Cajetin toracolumbar para corpectomia de 24 mm [28,40] ' , ' 21050658 ' ,6,435),
( ' NNVTCD243854 ' , ' VERTELIFT-T Cajetin toracolumbar para corpectomia de 24 mm [38,54] ' , ' 22040731 ' ,3,435),
( ' NNVTCD245276 ' , ' VERTELIFT-T Cajetin toracolumbar para corpectomia de 24 mm [52,76] ' , ' 21050203 ' ,8,435),
( ' NNVTCD2474114 ' , ' VERTELIFT-T Cajetin toracolumbar para corpectomia de 24 mm [74114] ' , ' 21050659 ' ,4,435),
( ' NNVTCD283044 ' , ' VERTELIFT-T Cajetin toracolumbar para corpectomia de 28 mm [30,44] ' , ' 1709-145 ' ,2,435),
( ' NNVTCD284258 ' , ' VERTELIFT-T Cajetin toracolumbar para corpectomia de 28 mm [42,58] ' , ' 21050204 ' ,1,435);

insert into producto (codigo_producto,nombre_producto,lote_producto,cantidad,id_categoria)
values
( ' 42IN45601 ' , ' Campo Incifilm Yodo 67cm X 45 cm (60cm de adhesivo) ' , ' 15F23 ' ,324,440),
( ' 42ORPD58 ' , ' U drape ' , ' 15L22 ' ,241,440),
( ' G21800002 ' , ' G1 40 - Cemento oseo viscosidad estandar 40 gr ' , ' 15K22 ' ,11,440),
( ' G21800007 ' , ' G1A 40 - Cemento oseo con gentamicina viscosidad estandar 40 gr ' , ' 20220900034 ' ,36,440),
( ' TC1200/A ' , ' Cemento sin gentamicina mediana viscosidad 40 g (aplicación manual y jeringa) ' , ' 20230500050 ' ,1,440),
( ' TC1400/AGINT ' , ' Cemento con gentamicina baja viscosidad 40 g (aplicación en jeringa) ' , ' AB8415 ' ,2,440),
( ' U21033115 ' , ' Componente Femoral, PS, #1.5, izquierdo ' , ' AB7360 ' ,4,440),
( ' U21033125 ' , ' Componente Femoral, PS, #2.5, izquierdo ' , ' AB6318 ' ,20,440),
( ' U21033130 ' , ' Componente Femoral, PS, #3, izquierdo ' , ' 19G269B ' ,1,440),
( ' U21033135 ' , ' Componente Femoral, PS, #3.5, izquierdo ' , ' 21M541C ' ,8,440),
( ' U21033140 ' , ' Componente Femoral, PS, #4, izquierdo ' , ' 21M541B ' ,13,440),
( ' U21033145 ' , ' Componente Femoral ,PS, #4.5, izquierdo ' , ' 16H185A2 ' ,7,440),
( ' U21033150 ' , ' Componente Femoral, PS, #5, izquierdo ' , ' 22E873A ' ,6,440),
( ' U21033160 ' , ' Componente Femoral, PS, #6, izquierdo ' , ' 22B570A ' ,2,440),
( ' U21033165 ' , ' Componente Femoral ,PS, #6.5, izquierdo ' , ' 22E874A ' ,1,440),
( ' U21033215 ' , ' Componente Femoral ,PS, #1.5, derecho ' , ' 22E874B ' ,10,440),
( ' U21033220 ' , ' Componente Femoral ,PS, #2, derecho ' , ' 23D806C ' ,1,440),
( ' U21033225 ' , ' Componente Femoral ,PS, #2.5, derecho ' , ' 22E879B ' ,14,440),
( ' U21033230 ' , ' Componente Femoral ,PS, #3, derecho ' , ' 22E879A ' ,59,440),
( ' U21033235 ' , ' Componente Femoral ,PS, #3.5, derecho ' , ' 19M528A ' ,9,440),
( ' U21033240 ' , ' Componente Femoral ,PS, #4, derecho ' , ' 19L005B1 ' ,57,440),
( ' U21033245 ' , ' Componente Femoral ,PS, #4.5, derecho ' , ' 19M528C ' ,8,440),
( ' U21033250 ' , ' Componente Femoral ,PS, #5, derecho ' , ' 23E228C ' ,9,440),
( ' U21035110 ' , ' Componente Revision Femoral, PSA, #1, izquierdo ' , ' 23D800B ' ,2,440),
( ' U21035120 ' , ' Componente Revision Femoral, PSA, #2, izquierdo ' , ' 23E227C ' ,5,440),
( ' U21035130 ' , ' Componente Revision Femoral, PSA, #3, izquierdo ' , ' 23D799A ' ,3,440),
( ' U21035140 ' , ' Componente Revision Femoral, PSA, #4, izquierdo ' , ' 23D799C ' ,2,440),
( ' U21035150 ' , ' Componente Revision Femoral, PSA, #5, izquierdo ' , ' 23E228A ' ,3,440),
( ' U21035210 ' , ' Componente Revision Femoral, PSA, #1, derecho ' , ' 22E882A ' ,3,440),
( ' U21035220 ' , ' Componente Revision Femoral, PSA, #2, derecho ' , ' 22D339A ' ,1,440),
( ' U21035230 ' , ' Componente Revision Femoral, PSA, #3, derecho ' , ' 23E678A ' ,5,440),
( ' U21035240 ' , ' Componente Revision Femoral, PSA, #4, derecho ' , ' 23D310B1 ' ,2,440),
( ' U21035250 ' , ' Componente Revision Femoral, PSA, #5, derecho ' , ' 23E677D ' ,2,440),
( ' U21035260 ' , ' Componente Revision Femoral, PSA, #6, derecho ' , ' 22M966A ' ,3,440),
( ' U22033010 ' , ' Base Tibial, #1 ' , ' 23C060B ' ,1,440),
( ' U22033020 ' , ' Base Tibial, #2 ' , ' 16H394A2 ' ,11,440),
( ' U22033030 ' , ' Base Tibial, #3 ' , ' 22E897A ' ,29,440),
( ' U22033040 ' , ' Base Tibial, #4 ' , ' 22E897B ' ,50,440),
( ' U22033050 ' , ' Base Tibial, #5 ' , ' 19L426B ' ,6,440),
( ' U22033220 ' , ' Base Tibial, CMA, #2 ' , ' 22G530B ' ,6,440),
( ' U22035210 ' , ' Base Tibial de revision, PSA, #1 ' , ' 22E898B ' ,8,440),
( ' U22035220 ' , ' Base Tibial de revision, PSA, #2 ' , ' 22E900C ' ,1,440),
( ' U22035230 ' , ' Base Tibial de revision, PSA, #3 ' , ' 22E900B ' ,4,440),
( ' U22035250 ' , ' Base Tibial de revision, PSA, #5 ' , ' 22H798D ' ,9,440),
( ' U22035260 ' , ' Base Tibial de revision, PSA, #6 ' , ' 22H647B ' ,2,440),
( ' U23033011 ' , ' Inserto Tibial U2, PS, #1, 9mm ' , ' 22H647A ' ,7,440),
( ' U23033023 ' , ' Inserto Tibial U2, PS, #2, 13mm ' , ' 22H799A ' ,1,440),
( ' U23033031 ' , ' Inserto Tibial U2, PS, #3, 9mm ' , ' 22H799A ' ,20,440),
( ' U23033032 ' , ' Inserto Tibial U2, PS, #3, 11mm ' , ' 22H797D ' ,9,440),
( ' U23033034 ' , ' Inserto Tibial U2, PS, #3, 15mm ' , ' 22H793B ' ,3,440),
( ' U23033035 ' , ' Inserto Tibial U2, PS, #3, 18mm ' , ' 23B202C ' ,1,440),
( ' U23033041 ' , ' Inserto Tibial U2, PS, #4, 9mm ' , ' 23D804B ' ,11,440),
( ' U23033042 ' , ' Inserto Tibial U2, PS, #4, 11mm ' , ' 23D717C ' ,4,440),
( ' U23033043 ' , ' Inserto Tibial U2, PS, #4, 13mm ' , ' 23D716A ' ,1,440),
( ' U23033051 ' , ' Inserto Tibial U2, PS, #5, 9mm ' , ' 23D801B ' ,9,440),
( ' U23033052 ' , ' Inserto Tibial U2, PS, #5, 11mm ' , ' 23A335C ' ,2,440),
( ' U23035011 ' , ' Inserto Tibial, PSA, #1, 9mm ' , ' 22G562B ' ,3,440),
( ' U23035012 ' , ' Inserto Tibial, PSA, #1, 11mm ' , ' 22B572A ' ,2,440),
( ' U23035013 ' , ' Inserto Tibial, PSA, #1, 13mm ' , ' 22H286D ' ,3,440),
( ' U23035014 ' , ' Inserto Tibial, PSA, #1, 15mm ' , ' 22H594D ' ,2,440),
( ' U23035015 ' , ' Inserto Tibial, PSA, #1, 18mm ' , ' 22H286B ' ,3,440),
( ' U23035016 ' , ' Inserto Tibial, PSA, #1, 21mm ' , ' 22H594A ' ,2,440),
( ' U23035024 ' , ' Inserto Tibial, PSA, #2, 15mm ' , ' 22H286A ' ,3,440),
( ' U23035025 ' , ' Inserto Tibial, PSA, #2, 18mm ' , ' 22H288B ' ,4,440),
( ' U23035026 ' , ' Inserto Tibial, PSA, #2, 21mm ' , ' 23B537A ' ,6,440),
( ' U23035031 ' , ' Inserto Tibial, PSA, #3, 9mm ' , ' 23A498B ' ,3,440),
( ' U23035033 ' , ' Inserto Tibial, PSA, #3, 13mm ' , ' 23D036B ' ,2,440),
( ' U23035034 ' , ' Inserto Tibial, PSA, #3, 15mm ' , ' 23B538C ' ,2,440),
( ' U23035035 ' , ' Inserto Tibial, PSA, #3, 18mm ' , ' 23A498A ' ,3,440),
( ' U23035036 ' , ' Inserto Tibial, PSA, #3, 21mm ' , ' 22H288C ' ,4,440),
( ' U23035041 ' , ' Inserto Tibial, PSA, #4, 9mm ' , ' 22H596B ' ,3,440),
( ' U23035042 ' , ' Inserto Tibial, PSA, #4, 11mm ' , ' 22C818A ' ,1,440),
( ' U23035044 ' , ' Inserto Tibial, PSA, #4, 15mm ' , ' 22C819B ' ,2,440),
( ' U23035045 ' , ' Inserto Tibial, PSA, #4, 18mm ' , ' 22C818B ' ,3,440),
( ' U23035046 ' , ' Inserto Tibial, PSA, #4, 21mm ' , ' 23A489C ' ,3,440),
( ' U23035051 ' , ' Inserto Tibial, PSA, #5, 9mm ' , ' 23A492A ' ,4,440),
( ' U23035052 ' , ' Inserto Tibial, PSA, #5, 11mm ' , ' 23E498B1 ' ,3,440),
( ' U23035053 ' , ' Inserto Tibial, PSA, #5, 13mm ' , ' 23A489D ' ,2,440),
( ' U23035054 ' , ' Inserto Tibial, PSA, #5, 15mm ' , ' 23E499B ' ,2,440),
( ' U23035055 ' , ' Inserto Tibial, PSA, #5, 18mm ' , ' 23E498A1 ' ,3,440),
( ' U23035056 ' , ' Inserto Tibial, PSA, #5, 21mm ' , ' 15H135A1 ' ,4,440),
( ' U23035061 ' , ' Inserto Tibial, PSA, #6, 9mm ' , ' 20J223C ' ,1,440),
( ' U23035062 ' , ' Inserto Tibial, PSA, #6, 11mm ' , ' 21M783A ' ,2,440),
( ' U23035063 ' , ' Inserto Tibial, PSA, #6, 13mm ' , ' 22G827A ' ,1,440),
( ' U23035065 ' , ' Inserto Tibial, PSA, #6, 18mm ' , ' 22F476A ' ,3,440),
( ' U23035066 ' , ' Inserto Tibial, PSA, #6, 21mm ' , ' 23D762B ' ,2,440),
( ' U24031020 ' , ' Patela, 3 pegs, S, F 29mm ' , ' 23B048A ' ,2,440),
( ' U24031030 ' , ' Patela, 3 pegs, M, F 32mm ' , ' 22K651A ' ,4,440),
( ' U26035011 ' , ' Aumento Femoral, posterior, #1, 4mm ' , ' 21J254B ' ,4,440),
( ' U26035021 ' , ' Aumento Femoral, posterior, #2, 4mm ' , ' 15C330A3 ' ,10,440),
( ' U26035022 ' , ' Aumento Femoral, posterior, #2, 8mm ' , ' 23A266A ' ,2,440),
( ' U26035031 ' , ' Aumento Femoral, posterior, #3, 4mm ' , ' 23C015A ' ,4,440),
( ' U26035032 ' , ' Aumento Femoral, posterior, #3, 8mm ' , ' 22M865A ' ,3,440),
( ' U26035041 ' , ' Aumento Femoral, posterior, #4, 4mm ' , ' 16A532A2 ' ,3,440),
( ' U26035042 ' , ' Aumento Femoral, posterior, #4, 8mm ' , ' 14G337A121 ' ,2,440),
( ' U26035051 ' , ' Aumento Femoral, posterior, #5, 4mm ' , ' 21L256B ' ,4,440),
( ' U26035052 ' , ' Aumento Femoral, posterior, #5, 8mm ' , ' 23D335A ' ,3,440),
( ' U26035121 ' , ' Aumento Femoral, distal, #2, 4mm, izquierdo medial/derecho lateral ' , ' 23D332A ' ,4,440),
( ' U26035122 ' , ' Aumento Femoral, distal, #2, 8mm, izquierdo medial/derecho lateral ' , ' 23A801A ' ,1,440),
( ' U26035131 ' , ' Aumento Femoral, distal, #3, 4mm, izquierdo medial/derecho lateral ' , ' 23B331A ' ,3,440),
( ' U26035132 ' , ' Aumento Femoral, distal, #3, 8mm, izquierdo medial/derecho lateral ' , ' 23D338A ' ,1,440),
( ' U26035141 ' , ' Aumento Femoral, distal, #4, 4mm, izquierdo medial/derecho lateral ' , ' 22F490A ' ,3,440),
( ' U26035151 ' , ' Aumento Femoral, distal, #5, 4mm, izquierdo medial/derecho lateral ' , ' 23D480A ' ,1,440),
( ' U26035161 ' , ' Aumento Femoral, distal, #6, 4mm, izquierdo medial/derecho lateral ' , ' 23A193A ' ,2,440),
( ' U26035212 ' , ' Aumento Femoral, distal, #1, 8mm, derecho medial/izquierdo lateral ' , ' 22L682A1 ' ,3,440),
( ' U26035221 ' , ' Aumento Femoral, distal, #2, 4mm, derecho medial/izquierdo lateral ' , ' 23C327B ' ,1,440),
( ' U26035231 ' , ' Aumento Femoral, distal, #3, 4mm, derecho medial/izquierdo lateral ' , ' 23C326D ' ,2,440),
( ' U26035232 ' , ' Aumento Femoral, distal, #3, 8mm, derecho medial/izquierdo lateral ' , ' 23C325D ' ,1,440),
( ' U26035241 ' , ' Aumento Femoral, distal, #4, 4mm, derecho medial/izquierdo lateral ' , ' 22M291C ' ,1,440),
( ' U26035251 ' , ' Aumento Femoral, distal, #5, 4mm, derecho medial/izquierdo lateral ' , ' 23E019C ' ,1,440),
( ' U26035333 ' , ' Aumento Femoral, distal, #3, 12mm ' , ' 23E019A ' ,1,440),
( ' U26035343 ' , ' Aumento Femoral, distal, #4, 12mm ' , ' 23E018A ' ,3,440),
( ' U27035013 ' , ' Vastago recto revision, PSA, F 14 x 75mm ' , ' 22L683B ' ,2,440),
( ' U27035014 ' , ' Vastago recto revision, PSA, F 16 x 75mm ' , ' 22L683A ' ,5,440),
( ' U27035015 ' , ' Vastago recto revision, PSA, F 18 x 75mm ' , ' 22M296A ' ,6,440),
( ' U27035022 ' , ' Vastago recto revision, PSA, F 12 x 100mm ' , ' 22L683C ' ,1,440),
( ' U27035025 ' , ' Vastago recto revision, PSA, F 18 x 100mm ' , ' 22L683C1 ' ,4,440),
( ' U27035032 ' , ' Vastago curvo revision, PSA, F 12 x 150mm ' , ' 22K039B ' ,1,440),
( ' U27035033 ' , ' Vastago curvo revision, PSA, F 14 x 150mm ' , ' 22K039D ' ,1,440),
( ' U27035034 ' , ' Vastago curvo revision, PSA, F 16 x 150mm ' , ' 22K041K ' ,2,440),
( ' U27035035 ' , ' Vastago curvo revision, PSA, F 18 x 150mm ' , ' 22K041H ' ,1,440),
( ' U27035052 ' , ' Vastago recto revision, PSA, F 12 x 150mm ' , ' 22K041H ' ,1,440),
( ' U27035054 ' , ' Vastago recto revision, PSA, F 16 x 150mm ' , ' 22K257E ' ,2,440),
( ' U27035055 ' , ' Vastago recto revision, PSA, F 18 x 150mm ' , ' 22K257C ' ,2,440),
( ' U28035113 ' , ' Aumento Tibial #1, 15mm, izquierdo medial/derecho lateral ' , ' 22E138A ' ,2,440),
( ' U28035123 ' , ' Aumento Tibial #2, 15mm, izquierdo medial/derecho lateral ' , ' 22E143A ' ,2,440),
( ' U28035143 ' , ' Aumento Tibial #4, 15mm, izquierdo medial/derecho lateral ' , ' 23A025A ' ,2,440),
( ' U28035153 ' , ' Aumento Tibial #5, 15mm, izquierdo medial/derecho lateral ' , ' 22L065A ' ,2,440),
( ' U28035163 ' , ' Aumento Tibial #6, 15mm, izquierdo medial/derecho lateral ' , ' 22L065A ' ,2,440),
( ' U28035211 ' , ' Aumento Tibial #1, 5mm ' , ' 22A007B ' ,2,440),
( ' U28035212 ' , ' Aumento Tibial #1, 10mm ' , ' 22M196A ' ,7,440),
( ' U28035213 ' , ' Aumento Tibial #1, 15mm, derecho medial/izquierdo lateral ' , ' 23A315B ' ,1,440),
( ' U28035221 ' , ' Aumento Tibial #2, 5mm ' , ' 22M198A ' ,3,440),
( ' U28035223 ' , ' Aumento Tibial #2, 15mm, derecho medial/izquierdo lateral ' , ' 22K623A ' ,2,440),
( ' U28035231 ' , ' Aumento Tibial #3, 5mm ' , ' 22K623B ' ,2,440),
( ' U28035232 ' , ' Aumento Tibial #3, 10mm ' , ' 22B580A ' ,1,440),
( ' U28035233 ' , ' Aumento Tibial #3, 15mm, derecho medial/izquierdo lateral ' , ' 22B580A ' ,2,440),
( ' U28035241 ' , ' Aumento Tibial #4, 5mm ' , ' 15L115J2 ' ,3,440),
( ' U28035243 ' , ' Aumento Tibial #4, 15mm, derecho medial/izquierdo lateral ' , ' 22G574B ' ,2,440),
( ' U28035251 ' , ' Aumento Tibial #5, 5mm ' , ' 22D872D ' ,3,440),
( ' U28035252 ' , ' Aumento Tibial #5, 10mm ' , ' 22M226C ' ,2,440),
( ' U28035253 ' , ' Aumento Tibial #5, 15mm, derecho medial/izquierdo lateral ' , ' 22M226M ' ,2,440),
( ' U28035261 ' , ' Aumento Tibial #6, 5mm ' , ' 23A037AY ' ,1,440),
( ' U28035263 ' , ' Aumento Tibial #6, 15mm, derecho medial/izquierdo lateral ' , ' 23A743A ' ,2,440),
( ' U29031010 ' , ' Adaptador de Offset, 2mm ' , ' 22D873C ' ,2,440),
( ' U29031014 ' , ' Tornillo de ensamble, M5x14mm ' , ' 22J739AM ' ,12,440),
( ' U29031020 ' , ' Adaptador de Offset, 4mm ' , ' 22A324E ' ,1,440),
( ' U29031030 ' , ' Adaptador de Offset, 6mm ' , ' 19M245H ' ,4,440);

select * from producto

insert into producto (codigo_producto,nombre_producto,lote_producto,cantidad,id_categoria)
values
( ' 800100200 ' , ' Sutura meniscal All-inside RapidLink Plus ' , ' 2316097 ' ,13,455),
( ' 800101500 ' , ' Kit Menisco Mender ' , ' 2316097 ' ,79,455),
( ' 800503300 ' , ' Sutura anclada de 3.5 mm en titanio con 4 agujas HealFix ' , ' 2316097 ' ,140,455),
( ' 800503700 ' , ' Sutura anclada de 5.0 mm en titanio con 4 agujas HealFix ' , ' 2206300-N ' ,34,455),
( ' 800503900 ' , ' Sutura anclada de 5.0 mm en titanio sin agujas HealFix ' , ' 2206300 ' ,55,455),
( ' 800504700 ' , ' Sutura anclada de 5.5 mm en titanio sin agujas HealFix Plus ' , ' 1809012-N ' ,1,455),
( ' 800605800 ' , ' Sutura anclada de 5.5 mm en peek sin agujas FusionLoc ' , ' 1809012 ' ,1,455),
( ' 800612200 ' , ' Sutura anclada de 5.5 mm en peek sin nudos GripLock ' , ' 1809012 ' ,4,455),
( ' 800614100 ' , ' Sutura anclada de 2.5 mm en peek sin nudos RealLoc ' , ' 1809012 ' ,1,455),
( ' 800614200 ' , ' Sutura anclada de 2.9 mm en peek sin nudos RealLoc ' , ' 2110127 ' ,9,455),
( ' 800802500 ' , ' ETButton solido 15mm ' , ' 2101230 ' ,85,455),
( ' 800802700 ' , ' ETButton solido 20mm ' , ' 2101230 ' ,86,455),
( ' 800802900 ' , ' ETButton solido 25mm ' , ' 2012080 ' ,13,455),
( ' 800805200 ' , ' ETButton revision (Placa de emergencia) ' , ' 2310043 ' ,5,455),
( ' 800900200 ' , ' ETButton ajustable Inicial ' , ' 2311042 ' ,65,455),
( ' 800900400 ' , ' ETButton Loop de Sutura  ' , ' 1906025 ' ,7,455),
( ' 800900600 ' , ' ETButton acromioclavicular ' , ' 2107051 ' ,66,455),
( ' 801210100 ' , ' Sutura de alta resistencia WilSuture #2, 38" con aguja ' , ' 2004390 ' ,110,455),
( ' 801217400 ' , ' Sutura Meniscal Dentro-Fuera Twin Sticher ' , ' 2004390 ' ,39,455),
( ' 801229500 ' , ' Sutura de alta resistencia en loop WilSuture #2, 25" con aguja ' , ' 2004390 ' ,6,455),
( ' 801242700 ' , ' Sutura plana WilSuture Tape #2, 36" sin aguja ' , ' 2109160 ' ,22,455),
( ' 801302500 ' , ' Aguja Multifire para pinza Hombro - Elitool ' , ' 2204097 ' ,19,455),
( ' 801303000 ' , ' Aguja para menisco - Acupecker ' , ' 2203120 ' ,20,455),
( ' 801303100 ' , ' Pasador de sutura EasyPass Frog 45  Der ' , ' 2105163 ' ,26,455),
( ' 801904000 ' , ' Pasador de sutura EasyPass Frog 45  Izq ' , ' 2106159 ' ,100,455),
( ' 801905900 ' , ' Guaya suture lasso ' , ' 2210558 ' ,29,455),
( ' 80BK04300701 ' , ' Cuchilla de shaver 70x3.0mm Ligatech ' , ' 2108089 ' ,87,455),
( ' 810600200 ' , ' Cortador y empujador de sutura meniscal, 2-0# & 0# - Esteril ' , ' 2107061 ' ,94,455),
( ' 810610200 ' , ' Cortador y empujador de sutura meniscal 2-0# & 0# ' , ' 2107061 ' ,3,455),
( ' 810700200 ' , ' Canula roscada 5mm x 70mm ' , ' 2107058 ' ,28,455),
( ' 810700900 ' , ' Canula roscada 8mm x 70mm ' , ' 2108090 ' ,8,455),
( ' 810710400 ' , ' Canula siliconada 8mm x 30mm ' , ' 2108100 ' ,31,455),
( ' 810710500 ' , ' Canula siliconada 8mm x 40mm ' , ' 2201025 ' ,16,455),
( ' B-DI-0720 ' , ' Tornillo de interferencia bioabsorbible TCP 7 x 20 mm PLGA ' , ' 2207145 ' ,14,455),
( ' B-DI-0724 ' , ' Tornillo de interferencia bioabsorbible TCP 7 x 24 mm PLGA ' , ' 2107003 ' ,60,455),
( ' B-DI-0820 ' , ' Tornillo de interferencia bioabsorbible TCP 8 x 20 mm PLGA ' , ' 2010011 ' ,1,455),
( ' B-DI-0824 ' , ' Tornillo de interferencia bioabsorbible TCP 8 x 24 mm PLGA ' , ' 2208216 ' ,8,455),
( ' B-DI-0830 ' , ' Tornillo de interferencia bioabsorbible TCP 8 x 30 mm PLGA ' , ' 2210027 ' ,216,455),
( ' B-DI-0920 ' , ' Tornillo de interferencia bioabsorbible TCP 9 x 20 mm PLGA ' , ' 2209324 ' ,133,455),
( ' B-DI-0924 ' , ' Tornillo de interferencia bioabsorbible TCP 9 x 24 mm PLGA ' , ' 2211034 ' ,10,455),
( ' B-DI-0930 ' , ' Tornillo de interferencia bioabsorbible TCP 9 x 30 mm PLGA ' , ' 2209045 ' ,25,455),
( ' B-DI-1030 ' , ' Tornillo de interferencia bioabsorbible TCP 10 x 30 mm PLGA ' , ' 2208104 ' ,4,455),
( ' B-DI-1133 ' , ' Tornillo de interferencia bioabsorbible TCP 11 x 33 mm PLGA ' , ' 2105166 ' ,2,455),
( ' KNT428 ' , ' Sutura anclada de 2.8 mm de titanio con 4 agujas ' , ' 2004206-N ' ,105,455),
( ' KNT435 ' , ' Sutura anclada de 3.5 mm en titanio con 4 agujas ' , ' 2105166- N ' ,19,455),
( ' LAP002 ' , ' Punta de electrobisturi 90 grados ' , ' 2012267-N ' ,12,455),
( ' ST035800006 ' , ' Cassette para bomba de irrigacion - Flosteady ' , ' 1904058 -N ' ,1,455),
( ' ST375535000 ' , ' Cuchilla para shaver de 3.5mm - Tomcat ' , ' 2004323-N ' ,5,455),
( ' ST375544000 ' , ' Cuchilla para shaver de 4.0mm - Cuerpo liso ' , ' 2110144-N ' ,3,455),
( ' ST375545000 ' , ' Cuchilla para shaver de 4.0mm - Tomcat ' , ' 2109170-N ' ,5,455),
( ' ST375554000 ' , ' Cuchilla para shaver de 5.0mm - Cuerpo liso ' , ' 2110144 ' ,1,455);

insert into producto (codigo_producto,nombre_producto,lote_producto,cantidad,id_categoria)
values
( ' 4010880451 ' , ' Jeringa subiton ' , ' 44915 ' ,34,465),
( ' G21800009 ' , ' G3A 40 - Cemento oseo con gentamicina baja viscosidad 40 gr ' , ' 20230500023 ' ,65,465),
( ' G2190000510 ' , ' Molde espaciador de cadera x 10 mm ' , ' 20230200127 ' ,2,465),
( ' G2190018960 ' , ' Molde espaciador de rodilla x 60 mm ' , ' 20221200012 ' ,1,465),
( ' G2190018970 ' , ' Molde espaciador de rodilla x 70 mm ' , ' 20221200021 ' ,1,465),
( ' G21H759L11 ' , ' Pistola G21 para cementar No 11 ' , ' 20221200023 ' ,1,465),
( ' NG172241 ' , ' Protesis de thompson std 41 mm ac - esteril ' , ' 111846-39 ' ,3,465),
( ' NG172249 ' , ' Protesis de thompson std 49 mm ac - esteril ' , ' 221153120 ' ,15,465),
( ' U11063000 ' , ' Vastago Reducido UTF, No Cementado Plasma Spray de TI # 0 ' , ' 211241284 ' ,22,465),
( ' U11063001 ' , ' Vastago Reducido UTF, No Cementado Plasma Spray de TI # 1 ' , ' 22J131A ' ,32,465),
( ' U11063002 ' , ' Vastago Reducido UTF, No Cementado Plasma Spray de TI # 2 ' , ' 22J131B ' ,25,465),
( ' U11063003 ' , ' Vastago Reducido UTF, No Cementado Plasma Spray de TI # 3 ' , ' 22J130C ' ,20,465),
( ' U11063004 ' , ' Vastago Reducido UTF, No Cementado Plasma Spray de TI # 4 ' , ' 22J130C ' ,25,465),
( ' U11063005 ' , ' Vastago Reducido UTF, No Cementado Plasma Spray de TI # 5 ' , ' 20H521B1 ' ,17,465),
( ' U11063006 ' , ' Vastago Reducido UTF, No Cementado Plasma Spray de TI # 6 ' , ' 17C045B21 ' ,1,465),
( ' U11063007 ' , ' Vastago Reducido UTF, No Cementado Plasma Spray de TI # 7 ' , ' 22L946C ' ,9,465),
( ' U11063008 ' , ' Vastago Reducido UTF, No Cementado Plasma Spray de TI # 8 ' , ' 17C045A4 ' ,1,465),
( ' U11063009 ' , ' Vastago Reducido UTF, No Cementado Plasma Spray de TI # 9 ' , ' 23B597E ' ,4,465),
( ' U11063010 ' , ' Vastago Reducido UTF, No Cementado Plasma Spray de TI # 10 ' , ' 23C149B ' ,12,465),
( ' U11063099 ' , ' Vastago Reducido UTF, No Cementado Plasma Spray de TI # 00 ' , ' 23C149A ' ,8,465),
( ' U11063201 ' , ' Vastago Reducido UTF, No Cementado Plasma Spray TI offset extendido  # 1 ' , ' 23B598B ' ,3,465),
( ' U11063202 ' , ' Vastago Reducido UTF, No Cementado Plasma Spray TI offset extendido  # 2 ' , ' 22M286C ' ,4,465),
( ' U11063203 ' , ' Vastago Reducido UTF, No Cementado Plasma Spray TI offset extendido  # 3 ' , ' 22M288A ' ,5,465),
( ' U11063204 ' , ' Vastago Reducido UTF, No Cementado Plasma Spray TI offset extendido  # 4 ' , ' 23A486A ' ,6,465),
( ' U11063205 ' , ' Vastago Reducido UTF, No Cementado Plasma Spray TI offset extendido  # 5 ' , ' 23D686A ' ,19,465),
( ' U11063206 ' , ' Vastago Reducido UTF, No Cementado Plasma Spray TI offset extendido  # 6 ' , ' 23A179C ' ,20,465),
( ' U11063207 ' , ' Vastago Reducido UTF, No Cementado Plasma Spray TI offset extendido  # 7 ' , ' 23B716A ' ,13,465),
( ' U11063208 ' , ' Vastago Reducido UTF, No Cementado Plasma Spray TI offset extendido  # 8 ' , ' 22J264D ' ,9,465),
( ' U11063209 ' , ' Vastago Reducido UTF, No Cementado Plasma Spray TI offset extendido  # 9 ' , ' 22J265A ' ,2,465),
( ' U11063211 ' , ' Vastago Reducido UTF, No Cementado Plasma Spray TI offset extendido  # 11 ' , ' 22J264C ' ,1,465),
( ' U11063212 ' , ' Vastago Reducido UTF, No Cementado Plasma Spray TI offset extendido  # 12 ' , ' 22H427E ' ,2,465),
( ' U11063213 ' , ' Vastago Reducido UTF, No Cementado Plasma Spray TI offset extendido  # 13 ' , ' 22L031D ' ,1,465),
( ' U11073010 ' , ' Vastago cementado UCP # 1 ' , ' 22H426D ' ,11,465),
( ' U11073020 ' , ' Vastago cementado UCP # 2 ' , ' 23A182C ' ,3,465),
( ' U11073030 ' , ' Vastago cementado UCP # 3 ' , ' 23A182E ' ,4,465),
( ' U11073040 ' , ' Vastago cementado UCP # 4 ' , ' 23B130A ' ,1,465),
( ' U11073200 ' , ' Vastago cementado UCP, offset extendido # 0 ' , ' 23B131D ' ,10,465),
( ' U11073220 ' , ' Vastago cementado UCP, offset extendido # 2 ' , ' 22H425F ' ,5,465),
( ' U11073230 ' , ' Vastago cementado UCP, offset extendido # 3 ' , ' 22J093H ' ,2,465),
( ' U11073432 ' , ' Vastago largo cementado, UCP offset extendido # 3, 210mm ' , ' 22G583B ' ,2,465),
( ' U11073433 ' , ' Vastago largo cementado, UCP offset extendido # 3, 230mm ' , ' 22M290A ' ,2,465),
( ' U12035028 ' , ' Cabeza Femoral Delta Ceramica, O.D. 28mm, -2.5mm ' , ' 22M289A ' ,4,465),
( ' U12035032 ' , ' Cabeza Femoral Delta Ceramica, O.D. 32mm, -3mm ' , ' 22M290B ' ,1,465),
( ' U12035228 ' , ' Cabeza Femoral Delta Ceramica, O.D. 28mm, +1mm ' , ' 22K713F ' ,1,465),
( ' U12035232 ' , ' Cabeza Femoral Delta Ceramica, O.D. 32mm, +1mm ' , ' 22J723A ' ,1,465),
( ' U12035428 ' , ' Cabeza Femoral Delta Ceramica, O.D. 28mm, +4.5mm ' , ' 22L277E ' ,1,465),
( ' U12035432 ' , ' Cabeza Femoral Delta Ceramica, O.D. 32mm, +5mm ' , ' 23A734D ' ,1,465),
( ' U12061026 ' , ' Cabeza Femoral U2,  26mm, -2mm ' , ' 23A733B ' ,1,465),
( ' U12061032 ' , ' Cabeza Femoral U2,  32mm, -3mm ' , ' 23A381B ' ,1,465),
( ' U12061036 ' , ' Cabeza Femoral U2,  36mm, -3mm ' , ' 22K236D ' ,1,465),
( ' U12061126 ' , ' Cabeza Femoral U2,  26mm, +0mm ' , ' 17J149A12 ' ,1,465),
( ' U12061128 ' , ' Cabeza Femoral U2,  28mm, +0mm ' , ' 22L945A ' ,1,465),
( ' U12061136 ' , ' Cabeza Femoral U2,  36mm, +0mm ' , ' 22J546A ' ,1,465),
( ' U12061228 ' , ' Cabeza Femoral U2,  28mm, +2.5mm ' , ' 22K408B ' ,1,465),
( ' U12061232 ' , ' Cabeza Femoral U2,  32mm, +2.5mm ' , ' 22G967A ' ,1,465),
( ' U12061236 ' , ' Cabeza Femoral U2,  36mm, +2.5mm ' , ' 22G967B ' ,1,465),
( ' U12061322 ' , ' Cabeza Femoral U2,  22mm, +3mm ' , ' 21E656A ' ,1,465),
( ' U12061326 ' , ' Cabeza Femoral U2,  26mm, +3mm ' , ' 18K309C ' ,1,465),
( ' U12061428 ' , ' Cabeza Femoral U2,  28mm, +5mm ' , ' 23A081A ' ,1,465),
( ' U12061432 ' , ' Cabeza Femoral U2,  32mm, +5mm ' , ' 23B719A ' ,1,465),
( ' U12061436 ' , ' Cabeza Femoral U2,  36mm, +5mm ' , ' 22A057A ' ,1,465),
( ' U12061526 ' , ' Cabeza Femoral U2,  26mm, +6mm ' , ' 22AA44A ' ,1,465),
( ' U12061628 ' , ' Cabeza Femoral U2,  28mm, +7.5mm ' , ' 22AA44A ' ,1,465),
( ' U12061632 ' , ' Cabeza Femoral U2,  32mm, +7.5mm ' , ' 22EA75A ' ,1,465),
( ' U12061636 ' , ' Cabeza Femoral U2,  36mm, +7.5mm ' , ' 18H048A3 ' ,1,465),
( ' U12061828 ' , ' Cabeza Femoral U2,  28mm, +10mm ' , ' 22EA75B ' ,1,465),
( ' U12061832 ' , ' Cabeza Femoral U2,  32mm, +10mm ' , ' 22G026B ' ,1,465),
( ' U13023250 ' , ' Copa Cementada Full XPE, ID 32mm, OD 50mm ' , ' 22EA76B ' ,1,465),
( ' U13023654 ' , ' Copa Cementada Full XPE, ID 36mm, OD 54mm ' , ' 22AA46A ' ,1,465),
( ' U13023656 ' , ' Copa Cementada Full XPE, ID 36mm, OD 56mm ' , ' 22EA76A ' ,1,465),
( ' U13023844 ' , ' Copa Cementada Full XPE, ID 28mm, OD 44mm ' , ' 22EA77A ' ,1,465),
( ' U13063044 ' , ' Copa No Cementada U-Motion II PS,  44mm ' , ' 22C838B ' ,1,465),
( ' U13063046 ' , ' Copa No Cementada U-Motion II PS,  46m ' , ' 22C838A ' ,1,465),
( ' U13063050 ' , ' Copa No Cementada U-Motion II PS,  50m ' , ' 22EA78A ' ,1,465),
( ' U13063052 ' , ' Copa No Cementada U-Motion II PS,  52m ' , ' 22C839A ' ,1,465),
( ' U13063054 ' , ' Copa No Cementada U-Motion II PS,  54m ' , ' 15J099A3 ' ,1,465),
( ' U13063056 ' , ' Copa No Cementada U-Motion II PS,  56m ' , ' 15J516C2 ' ,1,465),
( ' U13063058 ' , ' Copa No Cementada U-Motion II PS,  58m ' , ' 22EA79B ' ,1,465),
( ' U14063250 ' , ' Liner Acetabular XPE 0 grados, DI 32mm, DE 50 mm ' , ' 22EA79A ' ,1,465),
( ' U14065254 ' , ' Liner Acetabular XPE 20 grados, DI 32mm, DE 54 mm ' , ' 15F269B2 ' ,1,465),
( ' U14065256 ' , ' Liner Acetabular XPE 20 grados, DI 32mm, DE 56 mm ' , ' 15F269C11 ' ,1,465),
( ' U14065258 ' , ' Liner Acetabular XPE 20 grados, DI 32mm, DE 58 mm ' , ' 22B531A ' ,1,465),
( ' U14065260 ' , ' Liner Acetabular XPE 20 grados, DI 32mm, DE 60 mm ' , ' 17K077D ' ,1,465),
( ' U14065654 ' , ' Liner Acetabular XPE 20 grados, DI 36mm, DE 54 mm ' , ' 23A739A ' ,1,465),
( ' U14065656 ' , ' Liner Acetabular XPE 20 grados, DI 36mm, DE 56 mm ' , ' 22L629A ' ,1,465),
( ' U14065658 ' , ' Liner Acetabular XPE 20 grados, DI 36mm, DE 58 mm ' , ' 17H703B1 ' ,1,465),
( ' U14065660 ' , ' Liner Acetabular XPE 20 grados, DI 36mm, DE 60 mm ' , ' 18K324A ' ,1,465),
( ' U14065662 ' , ' Liner Acetabular XPE 20 grados, DI 36mm, DE 62 mm ' , ' 17G184B2 ' ,1,465),
( ' U14065664 ' , ' Liner Acetabular XPE 20 grados, DI 36mm, DE 64 mm ' , ' 22L542A ' ,1,465),
( ' U14065844 ' , ' Liner Acetabular XPE 20 grados, DI 28mm, DE 44 mm ' , ' 17A350D1 ' ,1,465),
( ' U14065846 ' , ' Liner Acetabular XPE 20 grados, DI 28mm, DE 46 mm ' , ' 17B701B1 ' ,1,465),
( ' U15033041 ' , ' Copa Bipolar, DI 26mm, DE41mm ' , ' 21M077A ' ,1,465),
( ' U15033143 ' , ' Copa Bipolar, DI 28mm, DE 43mm ' , ' 21M077C ' ,1,465),
( ' U15033145 ' , ' Copa Bipolar, DI 28mm, DE 45mm ' , ' 22G610C ' ,1,465),
( ' U15033147 ' , ' Copa Bipolar, DI 28mm, DE 47mm ' , ' 22L948C ' ,1,465),
( ' U15033151 ' , ' Copa Bipolar, DI 28mm, DE 51mm ' , ' 21J701A ' ,1,465),
( ' U15033153 ' , ' Copa Bipolar, DI 28mm, DE 53mm ' , ' 21J536B ' ,1,465),
( ' U15033339 ' , ' Copa Bipolar, DI 22mm, DE 39mm ' , ' 20B594A ' ,1,465),
( ' U19073012 ' , ' Centralizador con restrictor de cemento, UCP, 12C ' , ' 22F383A ' ,1,465),
( ' U52061015 ' , ' Tornillo Esponjoso  6.5 x 15mm ' , ' 22A494C ' ,1,465),
( ' U52061020 ' , ' Tornillo Esponjoso  6.5 x 20mm ' , ' 22A494D ' ,1,465),
( ' U52061025 ' , ' Tornillo Esponjoso  6.5 x 25mm ' , ' 18E575C ' ,1,465),
( ' U52061030 ' , ' Tornillo Esponjoso  6.5 x 30mm ' , ' 22M955C ' ,1,465),
( ' U52061035 ' , ' Tornillo Esponjoso  6.5 x 35mm ' , ' 23D249A ' ,1,465),
( ' U52061040 ' , ' Tornillo Esponjoso  6.5 x 40mm ' , ' 23A129A ' ,1,465),
( ' U920480023 ' , ' Set Sistema Copa Bipolar No 23 ' , ' 23C594A ' ,1,465);



insert into usuario (id_usuario,nombre,apellido,cargo,area)
values
(10001,'Pamela','Garcia','Asesora comercia','Comercial'),
(10002,'Cindy','Urbina','Asesora comercia','Comercial'),
(10003,'Angela','Moya','Asesora comercia','Comercial'),
(10004,'Alba','Valbuena','Auxiliar de Bodega','Logistica'),
(10005,'Andrea','Gutierrez','Auxiliar de Bodega','Logistica'),
(10006,'Diego','Cardenas','Auxiliar de Bodega','Logistica'),
(10007,'John','Ortiz','Auxiliar de Bodega','Logistica'),
(10008,'Ismael','Quemba','Auxiliar de Bodega','Logistica');



insert into ubicacion (id_ubicacion,nombre_ubicacion)
values
(700, ' Bodega ' ),
(705, ' Fundacion Hospital san carlos ' ),
(706, ' Medical Proinpho ' ),
(709, ' Eusalud ' ),
(711, ' Hospital santa matilde de madrid ' ),
(713, ' La Victoria ' ),
(714, ' San blass ' ),
(715, ' Santa Clara ' ),
(717, ' Hospital universitario clinica san rafael ' ),
(720, ' Centenario ' ),
(722, ' Clinica nueva el lago ' ),
(724, ' Hospital san rafael de pacho ' ),
(725, ' Medical Santa Juliana ' ),
(726, ' Shaio ' ),
(727, ' Choconta ' ),
(728, ' Colsubsidio 94 ' ),
(729, ' Medicentro ' ),
(730, ' Jarbsalud ' ),
(731, ' Meissen ' ),
(732, ' Tunal ' ),
(733, ' San luis Cajica ' ),
(734, ' Marly ' ),
(736, ' Hospital maria auxiliadora de mosquera ' ),
(737, ' Alcala ' )


/*------------------------------------VISTAS-----------------------------*/

CREATE VIEW vista_productos_con_categoria AS
SELECT p.codigo_producto, p.nombre_producto, p.lote_producto, p.cantidad, c.nombre AS categoria
FROM producto p
INNER JOIN categoria c ON p.id_categoria = c.id_categoria;

SELECT * FROM vista_productos_con_categoria


CREATE VIEW vista_casos_con_detalles AS
SELECT
    c.id_caso,
    c.fecha,
    c.codigo_set,
    u.nombre AS nombre_usuario,
    u.apellido AS apellido_usuario,
    p.id_paciente,
    p.nombre AS nombre_paciente,
    p.apellido AS apellido_paciente,
    ubic.nombre_ubicacion
FROM caso c
INNER JOIN usuario u ON c.id_usuario = u.id_usuario
INNER JOIN paciente p ON c.id_paciente = p.id_paciente
INNER JOIN ubicacion ubic ON c.id_ubicacion = ubic.id_ubicacion;


SELECT * FROM vista_casos_con_detalles


CREATE VIEW vista_plantillas_con_detalles AS
SELECT
    pl.codigo_set,
    pl.codigo_producto,
    pl.nombre AS nombre_producto,
    pl.lote AS lote_producto,
    pl.existencia,
    pl.plantilla,
    pl.faltante,
    s.nombre_set AS nombre_set
FROM plantilla pl
INNER JOIN set_ s ON pl.codigo_set = s.codigo_set
INNER JOIN producto p ON pl.codigo_producto = p.codigo_producto;

SELECT * FROM vista_plantillas_con_detalles



CREATE VIEW vista_usuarios_por_caso AS
SELECT c.id_caso, COUNT(u.id_usuario) AS cantidad_usuarios_asignados
FROM caso c
LEFT JOIN usuario u ON c.id_usuario = u.id_usuario
WHERE c.id_caso = 100005 /*cambiar id caso*/
GROUP BY c.id_caso;

SELECT * FROM vista_plantillas_con_detalles



CREATE VIEW vista_usuarios_por_caso_2 AS
SELECT u.nombre, u.apellido
FROM caso c
INNER JOIN usuario u ON c.id_usuario = u.id_usuario
WHERE c.id_caso = 100005;


